barcode,name,location
840276070709.0,7600-40-Blush Pink-XS,A06-100
840276058851.0,7600-40-Blush Pink-S,A06-101
840276058868.0,7600-40-Blush Pink-M,A06-102
840276058875.0,7600-40-Blush Pink-L,A06-103
840276070785.0,7600-40-Grey-XS,A06-104
840276058912.0,7600-40-Grey-S,A06-105
840276058929.0,7600-40-Grey-M,A06-200
840276058936.0,7600-40-Grey-L,A06-201
840276058943.0,7600-40-Grey-XL,A06-202
840276070884.0,7600-70-Blush Pink-XS,A06-203
840276070891.0,7600-70-Blush Pink-S,A06-204
840276070907.0,7600-70-Blush Pink-M,A06-205
840276070914.0,7600-70-Blush Pink-L,A06-300
840276070921.0,7600-70-Blush Pink-XL,A06-301
840276070938.0,7600-70-Blush Pink-2X-3X,A06-302
840276070945.0,7600-70-Coco-XS,A06-303
840276070952.0,7600-70-Coco-S,A06-304
840276070969.0,7600-70-Coco-M,A06-305
,8900-6-Coco-S,A06-500
,2300-3-Heather Glacier Blue-XS,A06-501
,2300-1-Heather Grey-S,A06-502
,4900-Cloud-OSFM,A06-503
,33620-8-Spring Lake-M,A06-504
,33620-8-Spring Lake-L,A06-505
840276070976.0,7600-70-Coco-L,A07-100
840276070983.0,7600-70-Coco-XL,A07-101
840276071003.0,7600-70-Fig-XS,A07-102
840276071010.0,7600-70-Fig-S,A07-103
840276071027.0,7600-70-Fig-M,A07-104
840276071065.0,7600-70-Grey-XS,A07-105
840276071072.0,7600-70-Grey-S,A07-200
840276071089.0,7600-70-Grey-M,A07-201
840276071096.0,7600-70-Grey-L,A07-202
840276071102.0,7600-70-Grey-XL,A07-203
840276070792.0,7600-80-Blush Pink-XS,A07-204
840276051685.0,7600-80-Blush Pink-S,A07-205
840276059001.0,7600-80-Coco-S,A07-300
840276070877.0,7600-80-Grey-XS,A07-301
840276051739.0,7600-80-Grey-S,A07-302
840276051746.0,7600-80-Grey-M,A07-303
840276056468.0,1414-4-Black-S,A07-304
840276056475.0,1414-4-Black-M,A07-305
840276056499.0,1414-4-Black-XL,A07-400
840276056505.0,1414-4-Black-2X-3X,A07-401
840276056611.0,1414-4-Heather Grey-S,A07-402
840276056628.0,1414-4-Heather Grey-M,A07-403
840276056635.0,1414-4-Heather Grey-L,A07-404
840276056642.0,1414-4-Heather Grey-XL,A07-405
840276071225.0,9000-9-Grey-S-M,A07-500
840276068058.0,1490-0-Midnight-M,A07-501
840276056376.0,1414-9-Heather Grey-XL,A07-502
840276063336.0,6800-2-Midnight-XS,A07-503
840276068218.0,1490-8-Midnight-L,A07-505
840276056659.0,1414-4-Heather Grey-2X-3X,A08-100
840276062117.0,1414-4-Surf-S,A08-101
840276062124.0,1414-4-Surf-M,A08-102
840276062148.0,1414-4-Surf-XL,A08-103
840276062155.0,1414-4-Surf-2X-3X,A08-104
840276055201.0,1414-8-Black-S,A08-105
840276055348.0,1414-8-Black-2X-3X,A08-200
840276055904.0,1414-8-Heather Grey-S,A08-201
840276055966.0,1414-8-Heather Grey-M,A08-202
840276056086.0,1414-8-Heather Grey-XL,A08-203
840276056093.0,1414-8-Heather Grey-2X-3X,A08-204
840276062162.0,1414-8-Surf-S,A08-205
840276062193.0,1414-8-Surf-XL,A08-300
840276062209.0,1414-8-Surf-2X-3X,A08-301
840276056192.0,1414-9-Black-S,A08-302
840276056345.0,1414-9-Heather Grey-S,A08-303
840276056383.0,1414-9-Heather Grey-2X-3X,A08-304
840276062063.0,1414-9-Surf-S,A08-305
840276067945.0,1490-0-Black-S,A08-400
840276067990.0,1490-0-Grey-S,A08-401
840276068003.0,1490-0-Grey-M,A08-402
840276068010.0,1490-0-Grey-L,A08-403
840276068027.0,1490-0-Grey-XL,A08-404
840276068034.0,1490-0-Grey-2X-3X,A08-405
840276062018.0,1414-2-Surf-S,A08-500
840276055843.0,1414-8-Dusty Green-2X-3X,A08-501
840276068928.0,1450-8-Heather Grey-L,A08-502
840276073625.0,2200-4-Copper Rose-XS,A08-503
840276058196.0,2300-0-Coco-M,A08-504
840276070167.0,2300-0-Coco-XS,A08-505
840276067808.0,1490-5-Black-M,A09-100
840276067815.0,1490-5-Black-L,A09-101
840276067822.0,1490-5-Black-XL,A09-102
840276067853.0,1490-5-Grey-M,A09-103
840276067877.0,1490-5-Grey-XL,A09-104
840276067884.0,1490-5-Grey-2X-3X,A09-105
840276068096.0,1490-8-Black-S,A09-200
840276068102.0,1490-8-Black-M,A09-201
840276068119.0,1490-8-Black-L,A09-202
840276068126.0,1490-8-Black-XL,A09-203
840276068140.0,1490-8-Grey-S,A09-204
840276068157.0,1490-8-Grey-M,A09-205
840276068164.0,1490-8-Grey-L,A09-300
840276068171.0,1490-8-Grey-XL,A09-301
840276068188.0,1490-8-Grey-2X-3X,A09-302
840276068195.0,1490-8-Midnight-S,A09-303
840276068201.0,1490-8-Midnight-M,A09-304
840276068225.0,1490-8-Midnight-XL,A09-305
840276064784.0,1900-Almond-OSFM,A09-400
840276064791.0,1900-Black-OSFM,A09-401
840276064807.0,1900-Coco-OSFM,A09-402
840276064814.0,1900-Grey-OSFM,A09-403
840276064821.0,1900-Midnight-OSFM,A09-404
840276059346.0,2200-2-Apricot-S,A09-405
840276046674.0,2300-0-Heather Glacier Blue-2X-3X,A09-500
840276058370.0,2300-2-Blush Pink-2X-3X,A09-501
840276070310.0,2300-2-Blush Pink-XS,A09-502
840276070402.0,2300-2-Midnight-XS,A09-503
840276060595.0,2900-0-Surf-S,A09-504
840276058035.0,33620-8-Coco-S,A09-505
840276059353.0,2200-2-Apricot-M,A10-100
840276059360.0,2200-2-Apricot-L,A10-101
840276059377.0,2200-2-Apricot-XL,A10-102
840276059476.0,2200-2-Heather Grey-XL,A10-103
840276059483.0,2200-2-Heather Grey-2X-3X,A10-104
840276059148.0,2200-4-Apricot-S,A10-105
840276059155.0,2200-4-Apricot-M,A10-200
840276059162.0,2200-4-Apricot-L,A10-201
840276059179.0,2200-4-Apricot-XL,A10-202
840276059186.0,2200-4-Apricot-2X-3X,A10-203
840276071416.0,2200-4-Black-XS,A10-204
840276059193.0,2200-4-Black-S,A10-205
840276059209.0,2200-4-Black-M,A10-300
840276059216.0,2200-4-Black-L,A10-301
840276059223.0,2200-4-Black-XL,A10-302
840276059230.0,2200-4-Black-2X-3X,A10-303
840276073632.0,2200-4-Copper Rose-S,A10-304
840276073649.0,2200-4-Copper Rose-M,A10-305
840276073656.0,2200-4-Copper Rose-L,A10-400
840276073663.0,2200-4-Copper Rose-XL,A10-401
840276071423.0,2200-4-Heather Grey-XS,A10-402
840276059247.0,2200-4-Heather Grey-S,A10-403
840276059254.0,2200-4-Heather Grey-M,A10-404
840276059261.0,2200-4-Heather Grey-L,A10-405
840276041327.0,33620-8-Heather Strawberry-XL,A10-500
840276070259.0,33620-8-Midnight-S,A10-501
840276070129.0,33620-8-Midnight-XL,A10-502
840276065934.0,5200-2-Dusty Green-L,A10-503
840276066016.0,5200-2-Fig-2X-3X,A10-504
840276065989.0,5200-2-Fig-M,A10-505
840276059278.0,2200-4-Heather Grey-XL,A11-100
840276059285.0,2200-4-Heather Grey-2X-3X,A11-101
840276073564.0,2200-4-Indigo White-XS,A11-102
840276073571.0,2200-4-Indigo White-S,A11-103
840276073588.0,2200-4-Indigo White-M,A11-104
840276073595.0,2200-4-Indigo White-L,A11-105
840276073601.0,2200-4-Indigo White-XL,A11-200
840276073618.0,2200-4-Indigo White-2X-3X,A11-201
840276073502.0,2200-4-Indigo-XS,A11-202
840276073519.0,2200-4-Indigo-S,A11-203
840276073526.0,2200-4-Indigo-M,A11-204
840276073533.0,2200-4-Indigo-L,A11-205
840276073540.0,2200-4-Indigo-XL,A11-300
840276059292.0,2200-4-Surf-S,A11-301
840276059308.0,2200-4-Surf-M,A11-302
840276059315.0,2200-4-Surf-L,A11-303
840276059322.0,2200-4-Surf-XL,A11-304
840276059544.0,2200-6-Apricot-S,A11-305
840276059551.0,2200-6-Apricot-M,A11-400
840276059568.0,2200-6-Apricot-L,A11-401
840276059582.0,2200-6-Apricot-2X-3X,A11-402
840276071430.0,2200-6-Black-XS,A11-403
840276059599.0,2200-6-Black-S,A11-404
840276059605.0,2200-6-Black-M,A11-405
840276066139.0,5200-2-Midnight-2X-3X,A11-500
840276065071.0,5200-9-Dusty Green-S,A11-501
840276063589.0,5200-9-Midnight-L,A11-502
840276065248.0,5200-9-Midnight-XS,A11-503
840276062803.0,6800-0-Fig-S,A11-504
840276062933.0,6800-0-Midnight-M,A11-505
840276059612.0,2200-6-Black-L,A12-100
840276059629.0,2200-6-Black-XL,A12-101
840276059636.0,2200-6-Black-2X-3X,A12-102
840276073816.0,2200-6-Copper Rose-S,A12-103
840276073823.0,2200-6-Copper Rose-M,A12-104
840276073830.0,2200-6-Copper Rose-L,A12-105
840276073847.0,2200-6-Copper Rose-XL,A12-200
840276071447.0,2200-6-Heather Grey-XS,A12-201
840276059643.0,2200-6-Heather Grey-S,A12-202
840276059650.0,2200-6-Heather Grey-M,A12-203
840276059667.0,2200-6-Heather Grey-L,A12-204
840276059674.0,2200-6-Heather Grey-XL,A12-205
840276059681.0,2200-6-Heather Grey-2X-3X,A12-300
840276073748.0,2200-6-Indigo White-XS,A12-301
840276073755.0,2200-6-Indigo White-S,A12-302
840276073762.0,2200-6-Indigo White-M,A12-303
840276073779.0,2200-6-Indigo White-L,A12-304
840276073786.0,2200-6-Indigo White-XL,A12-305
840276073793.0,2200-6-Indigo White-2X-3X,A12-400
840276073687.0,2200-6-Indigo-XS,A12-401
840276073694.0,2200-6-Indigo-S,A12-402
840276073700.0,2200-6-Indigo-M,A12-403
840276073717.0,2200-6-Indigo-L,A12-404
840276073724.0,2200-6-Indigo-XL,A12-405
840276063282.0,6800-2-Grey-S,A12-500
840276063343.0,6800-2-Midnight-S,A12-501
840276070822.0,7600-80-Fig-S,A12-502
840276051791.0,7600-80-Stone-M,A12-503
840276068560.0,7620-8-Heather Grey-M,A12-504
840276067716.0,7900-3-Grey-XL,A12-505
840276059735.0,2200-6-Surf-2X-3X,A13-100
840276061349.0,2300-0-Apricot-S,A13-101
840276061356.0,2300-0-Apricot-M,A13-102
840276061363.0,2300-0-Apricot-L,A13-103
840276061370.0,2300-0-Apricot-XL,A13-104
840276061387.0,2300-0-Apricot-2X-3X,A13-105
840276070143.0,2300-0-Black-XS,A13-200
840276061394.0,2300-0-Black-S,A13-201
840276046599.0,2300-0-Black-M,A13-202
840276046605.0,2300-0-Black-L,A13-203
840276046612.0,2300-0-Black-XL,A13-204
840276046629.0,2300-0-Black-2X-3X,A13-205
840276058134.0,2300-0-Blush Pink-S,A13-300
840276058141.0,2300-0-Blush Pink-M,A13-301
840276058158.0,2300-0-Blush Pink-L,A13-302
840276058165.0,2300-0-Blush Pink-XL,A13-303
840276058172.0,2300-0-Blush Pink-2X-3X,A13-304
840276072963.0,2300-0-Copper Rose-XS,A13-305
840276072970.0,2300-0-Copper Rose-S,A13-400
840276072987.0,2300-0-Copper Rose-M,A13-401
840276071294.0,2300-0-Heather Grey-XS,A13-402
840276046681.0,2300-0-Heather Grey-S,A13-403
840276046698.0,2300-0-Heather Grey-M,A13-404
840276046704.0,2300-0-Heather Grey-L,A13-405
,8300-Black-M,A13-500
840276064111.0,8900-6-Black-M,A13-501
840276063503.0,8900-8-Fig-M,A13-502
840276063541.0,8900-8-Grey-XS,A13-503
840276063589.0,8900-8-Midnight-L,A13-504
840276067068.0,9900-3-Fig-2X-3X,A13-505
840276046711.0,2300-0-Heather Grey-XL,A14-100
840276046728.0,2300-0-Heather Grey-2X-3X,A14-101
840276072901.0,2300-0-Indigo White-XS,A14-102
840276072918.0,2300-0-Indigo White-S,A14-103
840276072925.0,2300-0-Indigo White-M,A14-104
840276072932.0,2300-0-Indigo White-L,A14-105
840276072949.0,2300-0-Indigo White-XL,A14-200
840276072840.0,2300-0-Indigo-XS,A14-201
840276072857.0,2300-0-Indigo-S,A14-202
840276072864.0,2300-0-Indigo-M,A14-203
840276070242.0,2300-0-Midnight-XS,A14-204
840276070259.0,2300-0-Midnight-S,A14-205
840276070266.0,2300-0-Midnight-M,A14-300
840276070273.0,2300-0-Midnight-L,A14-301
840276070297.0,2300-0-Midnight-2X-3X,A14-302
840276061493.0,2300-0-Surf-S,A14-303
840276061509.0,2300-0-Surf-M,A14-304
840276061516.0,2300-0-Surf-L,A14-305
840276061523.0,2300-0-Surf-XL,A14-400
840276061530.0,2300-0-Surf-2X-3X,A14-401
840276053689.0,2300-7-Black-XS,A14-402
840276053764.0,2300-7-Heather Grey-XS,A14-403
840276053726.0,2300-7-Sage-XS,A14-404
840276053733.0,2300-7-Sage-S-M,A14-405
840276055706.0,1414-8-Dusty Green-S,A14-500
840276066498.0,1440-8-Grey-S,A14-501
840276059445.0,2200-2-Heather Grey-S,A14-502
840276070150.0,2300-0-Blush Pink-XS,A14-503
840276070594.0,2300-6-Midnight-L,A14-504
840276065941.0,5200-2-Dusty Green-XL,A14-505
840276053757.0,2300-7-Sage-2X-3X,A15-100
840276059742.0,2500-6-Apricot-S,A15-101
840276059759.0,2500-6-Apricot-M,A15-102
840276059766.0,2500-6-Apricot-L,A15-103
840276059773.0,2500-6-Apricot-XL,A15-104
840276059780.0,2500-6-Apricot-2X-3X,A15-105
840276059797.0,2500-6-Black-S,A15-200
840276059803.0,2500-6-Black-M,A15-201
840276059810.0,2500-6-Black-L,A15-202
840276059827.0,2500-6-Black-XL,A15-203
840276059834.0,2500-6-Black-2X-3X,A15-204
840276059841.0,2500-6-Heather Grey-S,A15-205
840276059858.0,2500-6-Heather Grey-M,A15-300
840276059865.0,2500-6-Heather Grey-L,A15-301
840276059872.0,2500-6-Heather Grey-XL,A15-302
840276059896.0,2500-6-Surf-S,A15-303
840276059902.0,2500-6-Surf-M,A15-304
840276059919.0,2500-6-Surf-L,A15-305
840276059926.0,2500-6-Surf-XL,A15-400
840276059933.0,2500-6-Surf-2X-3X,A15-401
840276059940.0,2500-8-Apricot-S,A15-402
840276059957.0,2500-8-Apricot-M,A15-403
840276059964.0,2500-8-Apricot-L,A15-404
840276059971.0,2500-8-Apricot-XL,A15-405
840276065972.0,5200-2-Fig-S,A15-500
840276066023.0,5200-2-Grey-XS,A15-501
840276066122.0,5200-2-Midnight-XL,A15-502
840276062919.0,6800-0-Midnight-XS,A15-503
840276071119.0,7600-70-Grey-2X-3X,A15-504
840276067549.0,7900-3-Almond-2X-3X,A15-505
840276059988.0,2500-8-Apricot-2X-3X,A16-100
840276059995.0,2500-8-Black-S,A16-101
840276060007.0,2500-8-Black-M,A16-102
840276060021.0,2500-8-Black-XL,A16-103
840276060045.0,2500-8-Heather Grey-S,A16-104
840276060052.0,2500-8-Heather Grey-M,A16-105
840276060069.0,2500-8-Heather Grey-L,A16-200
840276060076.0,2500-8-Heather Grey-XL,A16-201
840276060083.0,2500-8-Heather Grey-2X-3X,A16-202
840276060090.0,2500-8-Surf-S,A16-203
840276060106.0,2500-8-Surf-M,A16-204
840276060113.0,2500-8-Surf-L,A16-205
840276060120.0,2500-8-Surf-XL,A16-300
840276060397.0,2900-0-Apricot-S,A16-301
840276060403.0,2900-0-Apricot-M,A16-302
840276060410.0,2900-0-Apricot-L,A16-303
840276060427.0,2900-0-Apricot-XL,A16-304
840276060434.0,2900-0-Apricot-2X-3X,A16-305
840276060496.0,2900-0-Cloud-S,A16-400
840276060502.0,2900-0-Cloud-M,A16-401
840276060519.0,2900-0-Cloud-L,A16-402
840276060526.0,2900-0-Cloud-XL,A16-403
840276060533.0,2900-0-Cloud-2X-3X,A16-404
840276060540.0,2900-0-Grey-S,A16-405
840276067747.0,7900-3-Midnight-S,A16-500
840276054334.0,8900-8-Grey-L,A16-501
840276067044.0,9900-3-Fig-L,A16-502
840276067174.0,9900-3-Midnight-XL,A16-503
840276061967.0,1414-2-Heather Grey-S,A16-504
840276067914.0,1490-5-Midnight-L,A16-505
840276060557.0,2900-0-Grey-M,A17-100
840276060564.0,2900-0-Grey-L,A17-101
840276060571.0,2900-0-Grey-XL,A17-102
840276060588.0,2900-0-Grey-2X-3X,A17-103
840276060649.0,2900-3-Apricot-S,A17-104
840276060656.0,2900-3-Apricot-M,A17-105
840276060748.0,2900-3-Cloud-S,A17-200
840276060755.0,2900-3-Cloud-M,A17-201
840276060793.0,2900-3-Grey-S,A17-202
840276060809.0,2900-3-Grey-M,A17-203
840276060144.0,2900-6-Apricot-S,A17-204
840276060151.0,2900-6-Apricot-M,A17-205
840276060168.0,2900-6-Apricot-L,A17-300
840276060175.0,2900-6-Apricot-XL,A17-301
840276060182.0,2900-6-Apricot-2X-3X,A17-302
840276060199.0,2900-6-Black-S,A17-303
840276060205.0,2900-6-Black-M,A17-304
840276060212.0,2900-6-Black-L,A17-305
840276060229.0,2900-6-Black-XL,A17-400
840276060243.0,2900-6-Cloud-S,A17-401
840276060250.0,2900-6-Cloud-M,A17-402
840276060267.0,2900-6-Cloud-L,A17-403
840276060274.0,2900-6-Cloud-XL,A17-404
840276060281.0,2900-6-Cloud-2X-3X,A17-405
840276058189.0,2300-0-Coco-S,A17-500
840276070570.0,2300-6-Midnight-S,A17-501
840276060038.0,2500-8-Black-2X-3X,A17-502
840276060014.0,2500-8-Black-L,A17-503
840276058028.0,33620-8-Blush Pink-2X-3X,A17-504
840276046261.0,33620-8-Spring Lake-4X-5X,A17-505
840276060298.0,2900-6-Grey-S,A18-100
840276060304.0,2900-6-Grey-M,A18-101
840276060311.0,2900-6-Grey-L,A18-102
840276060328.0,2900-6-Grey-XL,A18-103
840276060335.0,2900-6-Grey-2X-3X,A18-104
840276060892.0,2900-9-Apricot-XS,A18-105
840276060908.0,2900-9-Apricot-S-M,A18-200
840276060915.0,2900-9-Apricot-L-XL,A18-201
840276060922.0,2900-9-Apricot-2X-3X,A18-202
840276060939.0,2900-9-Black-XS,A18-203
840276060946.0,2900-9-Black-S-M,A18-204
840276060953.0,2900-9-Black-L-XL,A18-205
840276060960.0,2900-9-Black-2X-3X,A18-300
840276060977.0,2900-9-Cloud-XS,A18-301
840276060984.0,2900-9-Cloud-S-M,A18-302
840276060991.0,2900-9-Cloud-L-XL,A18-303
840276061004.0,2900-9-Cloud-2X-3X,A18-304
840276061011.0,2900-9-Grey-XS,A18-305
840276061028.0,2900-9-Grey-S-M,A18-400
840276061035.0,2900-9-Grey-L-XL,A18-401
840276061042.0,2900-9-Grey-2X-3X,A18-402
840276061059.0,2900-9-Surf-XS,A18-403
840276061066.0,2900-9-Surf-S-M,A18-404
840276061073.0,2900-9-Surf-L-XL,A18-405
840276065903.0,5200-2-Dusty Green-XS,A18-500
840276065965.0,5200-2-Fig-XS,A18-501
840276066832.0,9900-8-Midnight-XS,A18-502
840276056352.0,1414-9-Heather Grey-M,A18-503
840276073670.0,2200-4-Copper Rose-2X-3X,A18-504
840276059575.0,2200-6-Apricot-XL,A18-505
840276061080.0,2900-9-Surf-2X-3X,A19-100
840276038419.0,2914-40-Buttercream-XS,A19-101
840276058776.0,2914-40-Coco-XS,A19-102
840276058783.0,2914-40-Coco-S-M,A19-103
840276070624.0,2914-40-Fig-XS,A19-104
840276047190.0,2914-40-Heather Glacier Blue-XS,A19-105
840276070662.0,2914-40-Midnight-XS,A19-200
840276045837.0,2914-40-Navy-XS,A19-201
840276053672.0,2914-40-Sage-XS,A19-202
840276053825.0,2914-40-Sage-2X-3X,A19-203
840276045875.0,2914-40-Spring Lake-XS,A19-204
840276061813.0,2914-40-Surf-XS,A19-205
840276046230.0,33620-8-Black-4X-5X,A19-300
840276046247.0,33620-8-Heather Grey-4X-5X,A19-301
840276046254.0,33620-8-Navy-4X-5X,A19-302
840276066078.0,5200-2-Grey-2X-3X,A19-303
840276067501.0,7900-3-Almond-S,A19-304
840276067518.0,7900-3-Almond-M,A19-305
840276067679.0,7900-3-Grey-XS,A19-400
840276067686.0,7900-3-Grey-S,A19-401
840276067693.0,7900-3-Grey-M,A19-402
840276067709.0,7900-3-Grey-L,A19-403
840276066900.0,9900-3-Almond-S,A19-404
840276066917.0,9900-3-Almond-M,A19-405
840276061660.0,2300-2-Surf-2X-3X,A19-500
840276070587.0,2300-6-Midnight-M,A19-501
840276066009.0,5200-2-Fig-XL,A19-502
840276066627.0,9900-8-Almond-L,A19-503
840276066719.0,9900-8-Fig-XS,A19-504
840276055409.0,1414-8-Coco-S,A19-505
840276066924.0,9900-3-Almond-L,A21-100
840276066931.0,9900-3-Almond-XL,A21-101
840276066955.0,9900-3-Black-XS,A21-102
840276066962.0,9900-3-Black-S,A21-103
840276066979.0,9900-3-Black-M,A21-104
840276066986.0,9900-3-Black-L,A21-105
840276066993.0,9900-3-Black-XL,A21-200
840276067006.0,9900-3-Black-2X-3X,A21-201
840276067013.0,9900-3-Fig-XS,A21-202
840276067020.0,9900-3-Fig-S,A21-203
840276067037.0,9900-3-Fig-M,A21-204
840276067075.0,9900-3-Grey-XS,A21-205
840276067082.0,9900-3-Grey-S,A21-300
840276067099.0,9900-3-Grey-M,A21-301
840276067105.0,9900-3-Grey-L,A21-302
840276067112.0,9900-3-Grey-XL,A21-303
840276067129.0,9900-3-Grey-2X-3X,A21-304
840276067143.0,9900-3-Midnight-S,A21-305
840276067150.0,9900-3-Midnight-M,A21-400
840276067167.0,9900-3-Midnight-L,A21-401
840276066634.0,9900-8-Almond-XL,A21-402
840276066641.0,9900-8-Almond-2X-3X,A21-403
840276066801.0,9900-8-Grey-L,A21-404
840276066818.0,9900-8-Grey-XL,A21-405
840276056239.0,1414-9-Black-2X-3X,A21-500
840276073731.0,2200-6-Indigo-2X-3X,A21-501
840276060236.0,2900-6-Black-2X-3X,A21-502
840276059018.0,7600-80-Coco-M,A21-503
840276067495.0,7900-3-Almond-XS,A21-504
840276062179.0,1414-8-Surf-M,A21-505
840276056116.0,3200-20-Black-OSFM,A22-100
840276056123.0,3200-20-Blush Pink-OSFM,A22-101
840276056130.0,3200-20-Coco-OSFM,A22-102
840276056147.0,3200-20-Dusty Green-OSFM,A22-103
840276056154.0,3200-20-Heather Grey-OSFM,A22-104
840276056161.0,3200-20-Spring Lake-OSFM,A22-105
840276065309.0,5200-7-Almond-XS,A22-200
840276065316.0,5200-7-Almond-S,A22-201
840276065323.0,5200-7-Almond-M,A22-202
840276065330.0,5200-7-Almond-L,A22-203
840276065347.0,5200-7-Almond-XL,A22-204
840276065354.0,5200-7-Almond-2X-3X,A22-205
840276074400.0,9900-6-Copper Rose Dot-XS,A22-300
840276074417.0,9900-6-Copper Rose Dot-S,A22-301
840276074424.0,9900-6-Copper Rose Dot-M,A22-302
840276074431.0,9900-6-Copper Rose Dot-L,A22-303
840276074448.0,9900-6-Copper Rose Dot-XL,A22-304
840276074455.0,9900-6-Copper Rose Dot-2X-3X,A22-305
840276074349.0,9900-6-Indigo Dot-XS,A22-400
840276074356.0,9900-6-Indigo Dot-S,A22-401
840276074363.0,9900-6-Indigo Dot-M,A22-402
840276074370.0,9900-6-Indigo Dot-L,A22-403
840276074387.0,9900-6-Indigo Dot-XL,A22-404
840276074394.0,9900-6-Indigo Dot-2X-3X,A22-405
840276067891.0,1490-5-Midnight-S,A22-500
840276073007.0,2300-0-Copper Rose-XL,A22-501
840276072956.0,2300-0-Indigo White-2X-3X,A22-502
840276060816.0,2900-3-Grey-L,A22-503
840276038440.0,2914-40-Buttercream-2X-3X,A22-504
840276070693.0,2914-40-Midnight-2X-3X,A22-505
840276065361.0,5200-7-Black-XS,A23-100
840276065378.0,5200-7-Black-S,A23-101
840276065385.0,5200-7-Black-M,A23-102
840276065392.0,5200-7-Black-L,A23-103
840276065408.0,5200-7-Black-XL,A23-104
840276065415.0,5200-7-Black-2X-3X,A23-105
840276065422.0,5200-7-Coco-XS,A23-200
840276065439.0,5200-7-Coco-S,A23-201
840276065446.0,5200-7-Coco-M,A23-202
840276065453.0,5200-7-Coco-L,A23-203
840276065460.0,5200-7-Coco-XL,A23-204
840276065477.0,5200-7-Coco-2X-3X,A23-205
840276074523.0,9900-2-Copper Rose Dot-XS,A23-300
840276074530.0,9900-2-Copper Rose Dot-S,A23-301
840276074547.0,9900-2-Copper Rose Dot-M,A23-302
840276074554.0,9900-2-Copper Rose Dot-L,A23-303
840276074561.0,9900-2-Copper Rose Dot-XL,A23-304
840276074578.0,9900-2-Copper Rose Dot-2X-3X,A23-305
840276074462.0,9900-2-Indigo Dot-XS,A23-400
840276074479.0,9900-2-Indigo Dot-S,A23-401
840276074486.0,9900-2-Indigo Dot-M,A23-402
840276074493.0,9900-2-Indigo Dot-L,A23-403
840276074509.0,9900-2-Indigo Dot-XL,A23-404
840276074516.0,9900-2-Indigo Dot-2X-3X,A23-405
840276061189.0,33620-8-Apricot-2X-3X,A23-500
840276067181.0,9900-3-Midnight-2X-3X,A23-501
840276066597.0,9900-8-Almond-XS,A23-502
840276066788.0,9900-8-Grey-S,A23-503
840276067938.0,1490-5-Midnight-2X-3X,A23-504
840276067907.0,1490-5-Midnight-M,A23-505
840276065484.0,5200-7-Dusty Green-XS,A24-100
840276065491.0,5200-7-Dusty Green-S,A24-101
840276065507.0,5200-7-Dusty Green-M,A24-102
840276065514.0,5200-7-Dusty Green-L,A24-103
840276065521.0,5200-7-Dusty Green-XL,A24-104
840276065538.0,5200-7-Dusty Green-2X-3X,A24-105
840276065545.0,5200-7-Fig-XS,A24-200
840276065552.0,5200-7-Fig-S,A24-201
840276065569.0,5200-7-Fig-M,A24-202
840276065576.0,5200-7-Fig-L,A24-203
840276065590.0,5200-7-Fig-2X-3X,A24-204
840276065583.0,5200-7-Fig-XL,A24-205
840276074646.0,7009-6-Copper Rose Dot-XS,A24-300
840276074653.0,7009-6-Copper Rose Dot-S,A24-301
840276074660.0,7009-6-Copper Rose Dot-M,A24-302
840276074677.0,7009-6-Copper Rose Dot-L,A24-303
840276074684.0,7009-6-Copper Rose Dot-XL,A24-304
840276074691.0,7009-6-Copper Rose Dot-2X-3X,A24-305
840276074585.0,7009-6-Indigo Dot-XS,A24-400
840276074592.0,7009-6-Indigo Dot-S,A24-401
840276074608.0,7009-6-Indigo Dot-M,A24-402
840276074615.0,7009-6-Indigo Dot-L,A24-403
840276074622.0,7009-6-Indigo Dot-XL,A24-404
840276074639.0,7009-6-Indigo Dot-2X-3X,A24-405
840276068133.0,1490-8-Black-2X-3X,A24-500
840276073014.0,2300-0-Copper Rose-2X-3X,A24-501
840276072895.0,2300-0-Indigo-2X-3X,A24-502
840276060380.0,2900-6-Surf-2X-3X,A24-503
840276066061.0,5200-2-Grey-XL,A24-504
840276067730.0,7900-3-Midnight-XS,A24-505
840276065606.0,5200-7-Grey-XS,A25-100
840276065613.0,5200-7-Grey-S,A25-101
840276065620.0,5200-7-Grey-M,A25-102
840276065637.0,5200-7-Grey-L,A25-103
840276065644.0,5200-7-Grey-XL,A25-104
840276065651.0,5200-7-Grey-2X-3X,A25-105
840276065668.0,5200-7-Midnight-XS,A25-200
840276065675.0,5200-7-Midnight-S,A25-201
840276065682.0,5200-7-Midnight-M,A25-202
840276065699.0,5200-7-Midnight-L,A25-203
840276065705.0,5200-7-Midnight-XL,A25-204
840276065712.0,5200-7-Midnight-2X-3X,A25-205
840276074769.0,7009-2-Copper Rose Dot-XS,A25-300
840276074776.0,7009-2-Copper Rose Dot-S,A25-301
840276074783.0,7009-2-Copper Rose Dot-M,A25-302
840276074790.0,7009-2-Copper Rose Dot-L,A25-303
840276074806.0,7009-2-Copper Rose Dot-XL,A25-304
840276074813.0,7009-2-Copper Rose Dot-2X-3X,A25-305
840276074707.0,7009-2-Indigo Dot-XS,A25-400
840276074714.0,7009-2-Indigo Dot-S,A25-401
840276074721.0,7009-2-Indigo Dot-M,A25-402
840276074738.0,7009-2-Indigo Dot-L,A25-403
840276074745.0,7009-2-Indigo Dot-XL,A25-404
840276074752.0,7009-2-Indigo Dot-2X-3X,A25-405
840276067846.0,1490-5-Grey-S,A25-500
840276045929.0,2600-Black-XS,A25-501
840276046001.0,2600-Navy-XS,A25-502
840276046049.0,2600-Spring Lake-XS,A25-503
840276072888.0,2300-0-Indigo-XL,A25-504
840276060137.0,2500-8-Surf-2X-3X,A25-505
840276071461.0,5400-4-Black-XS,A26-100
840276071478.0,5400-4-Black-S,A26-101
840276071485.0,5400-4-Black-M,A26-102
840276071492.0,5400-4-Black-L,A26-103
840276071508.0,5400-4-Black-XL,A26-104
840276071515.0,5400-4-Black-2X-3X,A26-105
840276071645.0,5400-4-Copper Rose-XS,A26-200
840276071652.0,5400-4-Copper Rose-S,A26-201
840276071669.0,5400-4-Copper Rose-M,A26-202
840276071676.0,5400-4-Copper Rose-L,A26-203
840276071683.0,5400-4-Copper Rose-XL,A26-204
840276071690.0,5400-4-Copper Rose-2X-3X,A26-205
840276071522.0,5400-4-Grey-XS,A26-300
840276071539.0,5400-4-Grey-S,A26-301
840276071546.0,5400-4-Grey-M,A26-302
840276071553.0,5400-4-Grey-L,A26-303
840276071560.0,5400-4-Grey-XL,A26-304
840276071577.0,5400-4-Grey-2X-3X,A26-305
840276071584.0,5400-4-Indigo-XS,A26-400
840276071591.0,5400-4-Indigo-S,A26-401
840276071607.0,5400-4-Indigo-M,A26-402
840276071614.0,5400-4-Indigo-L,A26-403
840276071621.0,5400-4-Indigo-XL,A26-404
840276071638.0,5400-4-Indigo-2X-3X,A26-405
840276058806.0,2914-40-Coco-2X-3X,A26-500
840276061844.0,2914-40-Surf-2X-3X,A26-501
840276067983.0,1490-0-Black-2X-3X,A26-502
840276067792.0,1490-5-Black-S,A26-503
840276067860.0,1490-5-Grey-L,A26-504
840276059339.0,2200-4-Surf-2X-3X,A26-505
840276072420.0,5400-9-Black-XS,A27-100
840276072437.0,5400-9-Black-S,A27-101
840276072444.0,5400-9-Black-M,A27-102
840276072451.0,5400-9-Black-L,A27-103
840276072468.0,5400-9-Black-XL,A27-104
840276072475.0,5400-9-Black-2X-3X,A27-105
840276072604.0,5400-9-Copper Rose-XS,A27-200
840276072611.0,5400-9-Copper Rose-S,A27-201
840276072628.0,5400-9-Copper Rose-M,A27-202
840276072635.0,5400-9-Copper Rose-L,A27-203
840276072642.0,5400-9-Copper Rose-XL,A27-204
840276072659.0,5400-9-Copper Rose-2X-3X,A27-205
840276072482.0,5400-9-Grey-XS,A27-300
840276072499.0,5400-9-Grey-S,A27-301
840276072505.0,5400-9-Grey-M,A27-302
840276072512.0,5400-9-Grey-L,A27-303
840276072529.0,5400-9-Grey-XL,A27-304
840276072536.0,5400-9-Grey-2X-3X,A27-305
840276072543.0,5400-9-Indigo-XS,A27-400
840276072550.0,5400-9-Indigo-S,A27-401
840276072567.0,5400-9-Indigo-M,A27-402
840276072574.0,5400-9-Indigo-L,A27-403
840276072581.0,5400-9-Indigo-XL,A27-404
840276072598.0,5400-9-Indigo-2X-3X,A27-405
840276073854.0,2200-6-Copper Rose-2X-3X,A27-500
840276070280.0,2300-0-Midnight-XL,A27-501
840276038525.0,2914-40-Sky Blue-2X-3X,A27-502
840276066894.0,9900-3-Almond-XS,A27-503
840276056024.0,1414-8-Heather Grey-L,A27-504
840276073557.0,2200-4-Indigo-2X-3X,A27-505
840276071706.0,5400-0-Black-XS,A28-100
840276071713.0,5400-0-Black-S,A28-101
840276071720.0,5400-0-Black-M,A28-102
840276071737.0,5400-0-Black-L,A28-103
840276071744.0,5400-0-Black-XL,A28-104
840276071751.0,5400-0-Black-2X-3X,A28-105
840276071881.0,5400-0-Copper Rose-XS,A28-200
840276071898.0,5400-0-Copper Rose-S,A28-201
840276071904.0,5400-0-Copper Rose-M,A28-202
840276071911.0,5400-0-Copper Rose-L,A28-203
840276071928.0,5400-0-Copper Rose-XL,A28-204
840276071935.0,5400-0-Copper Rose-2X-3X,A28-205
840276071768.0,5400-0-Grey-XS,A28-300
840276071775.0,5400-0-Grey-S,A28-301
840276071782.0,5400-0-Grey-M,A28-302
840276071799.0,5400-0-Grey-L,A28-303
840276071805.0,5400-0-Grey-XL,A28-304
840276071812.0,5400-0-Grey-2X-3X,A28-305
840276071829.0,5400-0-Indigo-XS,A28-400
840276071836.0,5400-0-Indigo-S,A28-401
840276071843.0,5400-0-Indigo-M,A28-402
840276071850.0,5400-0-Indigo-L,A28-403
840276071867.0,5400-0-Indigo-XL,A28-404
840276071874.0,5400-0-Indigo-2X-3X,A28-405
840276060694.0,2900-3-Black-S,A28-500
840276038532.0,2914-40-Strawberry-XS,A28-501
840276066825.0,9900-8-Grey-2X-3X,A28-502
840276062186.0,1414-8-Surf-L,A28-503
840276067839.0,1490-5-Black-2X-3X,A28-504
840276072871.0,2300-0-Indigo-L,A28-505
840276071942.0,5400-6-Black-XS,A29-100
840276071959.0,5400-6-Black-S,A29-101
840276071966.0,5400-6-Black-M,A29-102
840276071973.0,5400-6-Black-L,A29-103
840276071980.0,5400-6-Black-XL,A29-104
840276071997.0,5400-6-Black-2X-3X,A29-105
840276072123.0,5400-6-Copper Rose-XS,A29-200
840276072130.0,5400-6-Copper Rose-S,A29-201
840276072147.0,5400-6-Copper Rose-M,A29-202
840276072154.0,5400-6-Copper Rose-L,A29-203
840276072161.0,5400-6-Copper Rose-XL,A29-204
840276072178.0,5400-6-Copper Rose-2X-3X,A29-205
840276072000.0,5400-6-Grey-XS,A29-300
840276072017.0,5400-6-Grey-S,A29-301
840276072024.0,5400-6-Grey-M,A29-302
840276072031.0,5400-6-Grey-L,A29-303
840276072048.0,5400-6-Grey-XL,A29-304
840276072055.0,5400-6-Grey-2X-3X,A29-305
840276072062.0,5400-6-Indigo-XS,A29-400
840276072079.0,5400-6-Indigo-S,A29-401
840276072086.0,5400-6-Indigo-M,A29-402
840276072093.0,5400-6-Indigo-L,A29-403
840276072109.0,5400-6-Indigo-XL,A29-404
840276072116.0,5400-6-Indigo-2X-3X,A29-405
840276059889.0,2500-6-Heather Grey-2X-3X,A29-500
840276060847.0,2900-3-Surf-S,A29-501
840276058769.0,2914-40-Blush Pink-2X-3X,A29-502
840276046094.0,23620-8-Black-XS,A29-503
840276046179.0,23620-8-Navy-XS,A29-504
840276072185.0,5400-2-Black-XS,A30-100
840276072192.0,5400-2-Black-S,A30-101
840276072208.0,5400-2-Black-M,A30-102
840276072215.0,5400-2-Black-L,A30-103
840276072222.0,5400-2-Black-XL,A30-104
840276072239.0,5400-2-Black-2X-3X,A30-105
840276072369.0,5400-2-Copper Rose-XS,A30-200
840276072376.0,5400-2-Copper Rose-S,A30-201
840276072383.0,5400-2-Copper Rose-M,A30-202
840276072390.0,5400-2-Copper Rose-L,A30-203
840276072406.0,5400-2-Copper Rose-XL,A30-204
840276072413.0,5400-2-Copper Rose-2X-3X,A30-205
840276072246.0,5400-2-Grey-XS,A30-300
840276072253.0,5400-2-Grey-S,A30-301
840276072260.0,5400-2-Grey-M,A30-302
840276072277.0,5400-2-Grey-L,A30-303
840276072284.0,5400-2-Grey-XL,A30-304
840276072291.0,5400-2-Grey-2X-3X,A30-305
840276072307.0,5400-2-Indigo-XS,A30-400
840276072314.0,5400-2-Indigo-S,A30-401
840276072321.0,5400-2-Indigo-M,A30-402
840276072338.0,5400-2-Indigo-L,A30-403
840276072345.0,5400-2-Indigo-XL,A30-404
840276072352.0,5400-2-Indigo-2X-3X,A30-405
840276070808.0,7600-80-Coco-XS,A30-500
840276067525.0,7900-3-Almond-L,A30-501
840276067136.0,9900-3-Midnight-XS,A30-502
840276066771.0,9900-8-Grey-XS,A30-503
840276055645.0,1414-8-Coco-2X-3X,A30-504
840276062100.0,1414-9-Surf-2X-3X,A30-505
840276073984.0,5620-8-Almond-XS,A31-100
840276073991.0,5620-8-Almond-S,A31-101
840276074004.0,5620-8-Almond-M,A31-102
840276074011.0,5620-8-Almond-L,A31-103
840276074028.0,5620-8-Almond-XL,A31-104
840276074035.0,5620-8-Almond-2X-3X,A31-105
840276074042.0,5620-8-Black-XS,A31-200
840276074059.0,5620-8-Black-S,A31-201
840276074066.0,5620-8-Black-M,A31-202
840276074073.0,5620-8-Black-L,A31-203
840276074080.0,5620-8-Black-XL,A31-204
840276074097.0,5620-8-Black-2X-3X,A31-205
840276074165.0,5620-8-Copper Rose-XS,A31-300
840276074172.0,5620-8-Copper Rose-S,A31-301
840276074189.0,5620-8-Copper Rose-M,A31-302
840276074196.0,5620-8-Copper Rose-L,A31-303
840276074219.0,5620-8-Copper Rose-2X-3X,A31-304
840276074202.0,5620-8-Copper Rose-XL,A31-305
840276074103.0,5620-8-Indigo-XS,A31-400
840276074110.0,5620-8-Indigo-S,A31-401
840276074127.0,5620-8-Indigo-M,A31-402
840276074134.0,5620-8-Indigo-L,A31-403
840276074141.0,5620-8-Indigo-XL,A31-404
840276074158.0,5620-8-Indigo-2X-3X,A31-405
840276067952.0,1490-0-Black-M,A31-500
840276067976.0,1490-0-Black-XL,A31-501
840276068041.0,1490-0-Midnight-S,A31-502
840276072994.0,2300-0-Copper Rose-L,A31-503
840276060762.0,2900-3-Cloud-L,A31-504
840276058738.0,2914-40-Blush Pink-XS,A31-505
840276073144.0,2300-2-Copper Rose-XS,A32-100
840276073151.0,2300-2-Copper Rose-S,A32-101
840276073168.0,2300-2-Copper Rose-M,A32-102
840276073175.0,2300-2-Copper Rose-L,A32-103
840276073182.0,2300-2-Copper Rose-XL,A32-104
840276073199.0,2300-2-Copper Rose-2X-3X,A32-105
840276071317.0,2300-2-Heather Grey-XS,A32-200
840276046544.0,2300-2-Heather Grey-S,A32-201
840276046551.0,2300-2-Heather Grey-M,A32-202
840276046568.0,2300-2-Heather Grey-L,A32-203
840276046575.0,2300-2-Heather Grey-XL,A32-204
840276047299.0,2300-2-Heather Grey-2X-3X,A32-205
840276073021.0,2300-2-Indigo-XS,A32-300
840276073038.0,2300-2-Indigo-S,A32-301
840276073045.0,2300-2-Indigo-M,A32-302
840276073052.0,2300-2-Indigo-L,A32-303
840276073069.0,2300-2-Indigo-XL,A32-304
840276073076.0,2300-2-Indigo-2X-3X,A32-305
840276073083.0,2300-2-Indigo White-XS,A32-400
840276073090.0,2300-2-Indigo White-S,A32-401
840276073106.0,2300-2-Indigo White-M,A32-402
840276073113.0,2300-2-Indigo White-L,A32-403
840276073120.0,2300-2-Indigo White-XL,A32-404
840276073137.0,2300-2-Indigo White-2X-3X,A32-405
,8900-3-Black-S,A32-500
840276040399.0,8900-3-Cloud-2X-3X,A32-501
,8900-3-Dusty Green-2X-3X,A32-502
,5706-Light Blue-XL,A32-503
840276072789.0,33620-8-Copper Rose-XS,A33-100
840276072796.0,33620-8-Copper Rose-S,A33-101
840276072802.0,33620-8-Copper Rose-M,A33-102
840276072819.0,33620-8-Copper Rose-L,A33-103
840276072826.0,33620-8-Copper Rose-XL,A33-104
840276072833.0,33620-8-Copper Rose-2X-3X,A33-105
840276071294.0,33620-8-Heather Grey-XS,A33-200
840276046681.0,33620-8-Heather Grey-S,A33-201
840276046698.0,33620-8-Heather Grey-M,A33-202
840276046704.0,33620-8-Heather Grey-L,A33-203
840276046711.0,33620-8-Heather Grey-XL,A33-204
840276046728.0,33620-8-Heather Grey-2X-3X,A33-205
840276072840.0,33620-8-Indigo-XS,A33-300
840276072857.0,33620-8-Indigo-S,A33-301
840276072864.0,33620-8-Indigo-M,A33-302
840276072871.0,33620-8-Indigo-L,A33-303
840276072888.0,33620-8-Indigo-XL,A33-304
840276072895.0,33620-8-Indigo-2X-3X,A33-305
840276072901.0,33620-8-Indigo White-XS,A33-400
840276072918.0,33620-8-Indigo White-S,A33-401
840276072925.0,33620-8-Indigo White-M,A33-402
840276072932.0,33620-8-Indigo White-L,A33-403
840276072949.0,33620-8-Indigo White-XL,A33-404
840276072956.0,33620-8-Indigo White-2X-3X,A33-405
840276070990.0,7600-70-Coco-2X-3X,A33-500
840276051784.0,7600-80-Stone-S,A33-501
840276066948.0,9900-3-Almond-2X-3X,A33-502
840276068089.0,1490-0-Midnight-2X-3X,A33-503
840276068232.0,1490-8-Midnight-2X-3X,A33-504
840276059384.0,2200-2-Apricot-2X-3X,A33-505
840276062971.0,6800-2-Almond-XS,B01-100
840276062988.0,6800-2-Almond-S,B01-101
840276062995.0,6800-2-Almond-M,B01-102
840276063008.0,6800-2-Almond-L,B01-103
840276063015.0,6800-2-Almond-XL,B01-104
840276063022.0,6800-2-Almond-2X-3X,B01-105
840276063039.0,6800-2-Black-XS,B01-200
840276063046.0,6800-2-Black-S,B01-201
840276063053.0,6800-2-Black-M,B01-202
840276063060.0,6800-2-Black-L,B01-203
840276063077.0,6800-2-Black-XL,B01-204
840276063084.0,6800-2-Black-2X-3X,B01-205
840276080043.0,6800-2-Cherry Cola-XS,B01-300
840276080050.0,6800-2-Cherry Cola-S,B01-301
840276080067.0,6800-2-Cherry Cola-M,B01-302
840276080074.0,6800-2-Cherry Cola-L,B01-303
840276080081.0,6800-2-Cherry Cola-XL,B01-304
840276080098.0,6800-2-Cherry Cola-2X-3X,B01-305
840276063091.0,6800-2-Coco-XS,B01-400
840276063107.0,6800-2-Coco-S,B01-401
840276063114.0,6800-2-Coco-M,B01-402
840276063121.0,6800-2-Coco-L,B01-403
840276063138.0,6800-2-Coco-XL,B01-404
840276063145.0,6800-2-Coco-2X-3X,B01-405
840276080104.0,6800-2-Driftwood-XS,B02-100
840276080111.0,6800-2-Driftwood-S,B02-101
840276080128.0,6800-2-Driftwood-M,B02-102
840276080135.0,6800-2-Driftwood-L,B02-103
840276080142.0,6800-2-Driftwood-XL,B02-104
840276080159.0,6800-2-Driftwood-2X-3X,B02-105
840276080166.0,6800-2-Espresso-XS,B02-200
840276080173.0,6800-2-Espresso-S,B02-201
840276080180.0,6800-2-Espresso-M,B02-202
840276080197.0,6800-2-Espresso-L,B02-203
840276080203.0,6800-2-Espresso-XL,B02-204
840276080210.0,6800-2-Espresso-2X-3X,B02-205
840276063398.0,8900-8-Almond-XS,B02-300
840276063404.0,8900-8-Almond-S,B02-301
840276063411.0,8900-8-Almond-M,B02-302
840276063428.0,8900-8-Almond-L,B02-303
840276063435.0,8900-8-Almond-XL,B02-304
840276063442.0,8900-8-Almond-2X-3X,B02-305
840276063459.0,8900-8-Black-XS,B02-400
840276054075.0,8900-8-Black-S,B02-401
840276054082.0,8900-8-Black-M,B02-402
840276054099.0,8900-8-Black-L,B02-403
840276054105.0,8900-8-Black-XL,B02-404
840276054112.0,8900-8-Black-2X-3X,B02-405
840276080227.0,8900-8-Cherry Cola-XS,B03-100
840276080234.0,8900-8-Cherry Cola-S,B03-101
840276080241.0,8900-8-Cherry Cola-M,B03-102
840276080258.0,8900-8-Cherry Cola-L,B03-103
840276080265.0,8900-8-Cherry Cola-XL,B03-104
840276080272.0,8900-8-Cherry Cola-2X-3X,B03-105
840276063466.0,8900-8-Coco-XS,B03-200
840276054198.0,8900-8-Coco-S,B03-201
840276054204.0,8900-8-Coco-M,B03-202
840276054211.0,8900-8-Coco-L,B03-203
840276054228.0,8900-8-Coco-XL,B03-204
840276054235.0,8900-8-Coco-2X-3X,B03-205
840276080289.0,8900-8-Driftwood-XS,B03-300
840276080296.0,8900-8-Driftwood-S,B03-301
840276080302.0,8900-8-Driftwood-M,B03-302
840276080319.0,8900-8-Driftwood-L,B03-303
840276080326.0,8900-8-Driftwood-XL,B03-304
840276080333.0,8900-8-Driftwood-2X-3X,B03-305
840276080340.0,8900-8-Espresso-XS,B03-400
840276080357.0,8900-8-Espresso-S,B03-401
840276080364.0,8900-8-Espresso-M,B03-402
840276080371.0,8900-8-Espresso-L,B03-403
840276080388.0,8900-8-Espresso-XL,B03-404
840276080395.0,8900-8-Espresso-2X-3X,B03-405
840276079689.0,8500-8-Almond-XS,B04-100
840276079696.0,8500-8-Almond-S,B04-101
840276079702.0,8500-8-Almond-M,B04-102
840276079719.0,8500-8-Almond-L,B04-103
840276079726.0,8500-8-Almond-XL,B04-104
840276079733.0,8500-8-Almond-2X-3X,B04-105
840276079740.0,8500-8-Black-XS,B04-200
840276079757.0,8500-8-Black-S,B04-201
840276079764.0,8500-8-Black-M,B04-202
840276079771.0,8500-8-Black-L,B04-203
840276079788.0,8500-8-Black-XL,B04-204
840276079795.0,8500-8-Black-2X-3X,B04-205
840276079801.0,8500-8-Cherry Cola-XS,B04-300
840276079818.0,8500-8-Cherry Cola-S,B04-301
840276079825.0,8500-8-Cherry Cola-M,B04-302
840276079832.0,8500-8-Cherry Cola-L,B04-303
840276079849.0,8500-8-Cherry Cola-XL,B04-304
840276079856.0,8500-8-Cherry Cola-2X-3X,B04-305
840276079863.0,8500-8-Coco-XS,B04-400
840276079870.0,8500-8-Coco-S,B04-401
840276079887.0,8500-8-Coco-M,B04-402
840276079894.0,8500-8-Coco-L,B04-403
840276079900.0,8500-8-Coco-XL,B04-404
840276079917.0,8500-8-Coco-2X-3X,B04-405
840276079924.0,8500-8-Driftwood-XS,B05-100
840276079931.0,8500-8-Driftwood-S,B05-101
840276079948.0,8500-8-Driftwood-M,B05-102
840276079955.0,8500-8-Driftwood-L,B05-103
840276079962.0,8500-8-Driftwood-XL,B05-104
840276079979.0,8500-8-Driftwood-2X-3X,B05-105
840276079986.0,8500-8-Espresso-XS,B05-200
840276079993.0,8500-8-Espresso-S,B05-201
840276080005.0,8500-8-Espresso-M,B05-202
840276080012.0,8500-8-Espresso-L,B05-203
840276080029.0,8500-8-Espresso-XL,B05-204
840276080036.0,8500-8-Espresso-2X-3X,B05-205
840276075124.0,4620-8-Wild Espresso-XS,B05-300
840276075131.0,4620-8-Wild Espresso-S,B05-301
840276075148.0,4620-8-Wild Espresso-M,B05-302
840276075155.0,4620-8-Wild Espresso-L,B05-303
840276075162.0,4620-8-Wild Espresso-XL,B05-304
840276075179.0,4620-8-Wild Espresso-2X-3X,B05-305
840276075186.0,4620-8-Wild Grey-XS,B05-400
840276075193.0,4620-8-Wild Grey-S,B05-401
840276075209.0,4620-8-Wild Grey-M,B05-402
840276075216.0,4620-8-Wild Grey-L,B05-403
840276075223.0,4620-8-Wild Grey-XL,B05-404
840276075230.0,4620-8-Wild Grey-2X-3X,B05-405
840276080869.0,8500-4-Black-XS,B06-100
840276080876.0,8500-4-Black-S,B06-101
840276080883.0,8500-4-Black-M,B06-102
840276080890.0,8500-4-Black-L,B06-103
840276080906.0,8500-4-Black-XL,B06-104
840276080913.0,8500-4-Black-2X-3X,B06-105
840276080920.0,8500-4-Cherry Cola-XS,B06-200
840276080937.0,8500-4-Cherry Cola-S,B06-201
840276080944.0,8500-4-Cherry Cola-M,B06-202
840276080951.0,8500-4-Cherry Cola-L,B06-203
840276080968.0,8500-4-Cherry Cola-XL,B06-204
840276080975.0,8500-4-Cherry Cola-2X-3X,B06-205
840276080982.0,8500-4-Coco-XS,B06-300
840276080999.0,8500-4-Coco-S,B06-301
840276081002.0,8500-4-Coco-M,B06-302
840276081019.0,8500-4-Coco-L,B06-303
840276081026.0,8500-4-Coco-XL,B06-304
840276081033.0,8500-4-Coco-2X-3X,B06-305
840276081040.0,8500-4-Driftwood-XS,B06-400
840276081057.0,8500-4-Driftwood-S,B06-401
840276081064.0,8500-4-Driftwood-M,B06-402
840276081071.0,8500-4-Driftwood-L,B06-403
840276081088.0,8500-4-Driftwood-XL,B06-404
840276081095.0,8500-4-Driftwood-2X-3X,B06-405
840276081101.0,8500-4-Espresso-XS,B07-100
840276081118.0,8500-4-Espresso-S,B07-101
840276081125.0,8500-4-Espresso-M,B07-102
840276081132.0,8500-4-Espresso-L,B07-103
840276081149.0,8500-4-Espresso-XL,B07-104
840276081156.0,8500-4-Espresso-2X-3X,B07-105
840276075421.0,8200-2-Almond-XS,B07-200
840276075438.0,8200-2-Almond-S,B07-201
840276075445.0,8200-2-Almond-M,B07-202
840276075452.0,8200-2-Almond-L,B07-203
840276075469.0,8200-2-Almond-XL,B07-204
840276075476.0,8200-2-Almond-2X-3X,B07-205
840276075483.0,8200-2-Black-XS,B07-300
840276075490.0,8200-2-Black-S,B07-301
840276075506.0,8200-2-Black-M,B07-302
840276075513.0,8200-2-Black-L,B07-303
840276075520.0,8200-2-Black-XL,B07-304
840276075537.0,8200-2-Black-2X-3X,B07-305
840276075544.0,8200-2-Cherry Cola-XS,B07-400
840276075551.0,8200-2-Cherry Cola-S,B07-401
840276075568.0,8200-2-Cherry Cola-M,B07-402
840276075575.0,8200-2-Cherry Cola-L,B07-403
840276075582.0,8200-2-Cherry Cola-XL,B07-404
840276075599.0,8200-2-Cherry Cola-2X-3X,B07-405
840276075605.0,8200-2-Coco-XS,B08-100
840276075612.0,8200-2-Coco-S,B08-101
840276075629.0,8200-2-Coco-M,B08-102
840276075636.0,8200-2-Coco-L,B08-103
840276075643.0,8200-2-Coco-XL,B08-104
840276075650.0,8200-2-Coco-2X-3X,B08-105
840276075667.0,8200-2-Driftwood-XS,B08-200
840276075674.0,8200-2-Driftwood-S,B08-201
840276075681.0,8200-2-Driftwood-M,B08-202
840276075698.0,8200-2-Driftwood-L,B08-203
840276075704.0,8200-2-Driftwood-XL,B08-204
840276075711.0,8200-2-Driftwood-2X-3X,B08-205
840276075728.0,8200-2-Espresso-XS,B08-300
840276075735.0,8200-2-Espresso-S,B08-301
840276075742.0,8200-2-Espresso-M,B08-302
840276075759.0,8200-2-Espresso-L,B08-303
840276075766.0,8200-2-Espresso-XL,B08-304
840276075773.0,8200-2-Espresso-2X-3X,B08-305
840276077043.0,7800-20-Almond-XS,B08-400
840276077050.0,7800-20-Almond-S,B08-401
840276077067.0,7800-20-Almond-M,B08-402
840276077074.0,7800-20-Almond-L,B08-403
840276077081.0,7800-20-Almond-XL,B08-404
840276077098.0,7800-20-Almond-2X-3X,B08-405
840276077104.0,7800-20-Coco-XS,B09-100
840276077111.0,7800-20-Coco-S,B09-101
840276077128.0,7800-20-Coco-M,B09-102
840276077135.0,7800-20-Coco-L,B09-103
840276077142.0,7800-20-Coco-XL,B09-104
840276077159.0,7800-20-Coco-2X-3X,B09-105
840276077166.0,7800-20-Espresso-XS,B09-200
840276077173.0,7800-20-Espresso-S,B09-201
840276077180.0,7800-20-Espresso-M,B09-202
840276077197.0,7800-20-Espresso-L,B09-203
840276077203.0,7800-20-Espresso-XL,B09-204
840276077210.0,7800-20-Espresso-2X-3X,B09-205
840276081347.0,8100-9-Almond-XS,B09-300
840276081354.0,8100-9-Almond-S-M,B09-301
840276081361.0,8100-9-Almond-L-XL,B09-302
840276081378.0,8100-9-Almond-2X-3X,B09-303
840276081408.0,8100-9-Black-XS,B09-304
840276081415.0,8100-9-Black-S-M,B09-305
840276081422.0,8100-9-Black-L-XL,B09-400
840276081439.0,8100-9-Black-2X-3X,B09-401
840276081460.0,8100-9-Coco-XS,B09-402
840276081477.0,8100-9-Coco-S-M,B09-403
840276081484.0,8100-9-Coco-L-XL,B09-404
840276081491.0,8100-9-Coco-2X-3X,B09-405
840276069376.0,8200-4-Almond-XS,B10-100
840276069383.0,8200-4-Almond-S,B10-101
840276069390.0,8200-4-Almond-M,B10-102
840276069406.0,8200-4-Almond-L,B10-103
840276069413.0,8200-4-Almond-XL,B10-104
840276069420.0,8200-4-Almond-2X-3X,B10-105
840276069437.0,8200-4-Black-XS,B10-200
840276069444.0,8200-4-Black-S,B10-201
840276069451.0,8200-4-Black-M,B10-202
840276069468.0,8200-4-Black-L,B10-203
840276069475.0,8200-4-Black-XL,B10-204
840276069482.0,8200-4-Black-2X-3X,B10-205
840276069550.0,8200-4-Cherry Cola-XS,B10-300
840276069567.0,8200-4-Cherry Cola-S,B10-301
840276069574.0,8200-4-Cherry Cola-M,B10-302
840276069581.0,8200-4-Cherry Cola-L,B10-303
840276069598.0,8200-4-Cherry Cola-XL,B10-304
840276069604.0,8200-4-Cherry Cola-2X-3X,B10-305
840276075780.0,8200-4-Coco-XS,B10-400
840276075797.0,8200-4-Coco-S,B10-401
840276075803.0,8200-4-Coco-M,B10-402
840276075810.0,8200-4-Coco-L,B10-403
840276075827.0,8200-4-Coco-XL,B10-404
840276075834.0,8200-4-Coco-2X-3X,B10-405
840276075841.0,8200-4-Driftwood-XS,B11-100
840276075858.0,8200-4-Driftwood-S,B11-101
840276075865.0,8200-4-Driftwood-M,B11-102
840276075872.0,8200-4-Driftwood-L,B11-103
840276075889.0,8200-4-Driftwood-XL,B11-104
840276075896.0,8200-4-Driftwood-2X-3X,B11-105
840276075902.0,8200-4-Espresso-XS,B11-200
840276075919.0,8200-4-Espresso-S,B11-201
840276075926.0,8200-4-Espresso-M,B11-202
840276075933.0,8200-4-Espresso-L,B11-203
840276075940.0,8200-4-Espresso-XL,B11-204
840276075957.0,8200-4-Espresso-2X-3X,B11-205
840276075247.0,8200-3-Almond-XS,B11-300
840276075254.0,8200-3-Almond-S,B11-301
840276075261.0,8200-3-Almond-M,B11-302
840276075278.0,8200-3-Almond-L,B11-303
840276075285.0,8200-3-Almond-XL,B11-304
840276075292.0,8200-3-Almond-2X-3X,B11-305
840276075308.0,8200-3-Black-XS,B11-400
840276075315.0,8200-3-Black-S,B11-401
840276075322.0,8200-3-Black-M,B11-402
840276075339.0,8200-3-Black-L,B11-403
840276075346.0,8200-3-Black-XL,B11-404
840276075353.0,8200-3-Black-2X-3X,B11-405
840276075360.0,8200-3-Coco-XS,B12-100
840276075377.0,8200-3-Coco-S,B12-101
840276075384.0,8200-3-Coco-M,B12-102
840276075391.0,8200-3-Coco-L,B12-103
840276075407.0,8200-3-Coco-XL,B12-104
840276075414.0,8200-3-Coco-2X-3X,B12-105
840276062612.0,6800-0-Almond-XS,B12-200
840276062629.0,6800-0-Almond-S,B12-201
840276062636.0,6800-0-Almond-M,B12-202
840276062643.0,6800-0-Almond-L,B12-203
840276062650.0,6800-0-Almond-XL,B12-204
840276062667.0,6800-0-Almond-2X-3X,B12-205
840276062674.0,6800-0-Black-XS,B12-300
840276062681.0,6800-0-Black-S,B12-301
840276062698.0,6800-0-Black-M,B12-302
840276062704.0,6800-0-Black-L,B12-303
840276062711.0,6800-0-Black-XL,B12-304
840276062728.0,6800-0-Black-2X-3X,B12-305
840276062735.0,6800-0-Coco-XS,B12-400
840276062742.0,6800-0-Coco-S,B12-401
840276062759.0,6800-0-Coco-M,B12-402
840276062766.0,6800-0-Coco-L,B12-403
840276062773.0,6800-0-Coco-XL,B12-404
840276062780.0,6800-0-Coco-2X-3X,B12-405
840276080401.0,6800-0-Wild Espresso-XS,B13-100
840276080418.0,6800-0-Wild Espresso-S,B13-101
840276080425.0,6800-0-Wild Espresso-M,B13-102
840276080432.0,6800-0-Wild Espresso-L,B13-103
840276080449.0,6800-0-Wild Espresso-XL,B13-104
840276080456.0,6800-0-Wild Espresso-2X-3X,B13-105
840276080463.0,6800-0-Wild Grey-XS,B13-200
840276080470.0,6800-0-Wild Grey-S,B13-201
840276080487.0,6800-0-Wild Grey-M,B13-202
840276080494.0,6800-0-Wild Grey-L,B13-203
840276080500.0,6800-0-Wild Grey-XL,B13-204
840276080517.0,6800-0-Wild Grey-2X-3X,B13-205
840276080814.0,8620-8-Heather Black-XS,B13-300
840276050596.0,8620-8-Heather Black-S,B13-301
840276050602.0,8620-8-Heather Black-M,B13-302
840276050619.0,8620-8-Heather Black-L,B13-303
840276050626.0,8620-8-Heather Black-XL,B13-304
840276050633.0,8620-8-Heather Black-2X-3X,B13-305
840276081163.0,8620-8-Dark Heather Cherry Cola-XS,B13-400
840276081170.0,8620-8-Dark Heather Cherry Cola-S,B13-401
840276081187.0,8620-8-Dark Heather Cherry Cola-M,B13-402
840276081194.0,8620-8-Dark Heather Cherry Cola-L,B13-403
840276081200.0,8620-8-Dark Heather Cherry Cola-XL,B13-404
840276081217.0,8620-8-Dark Heather Cherry Cola-2X-3X,B13-405
840276080807.0,8620-8-Heather Coco-XS,B14-100
840276054570.0,8620-8-Heather Coco-S,B14-101
840276054587.0,8620-8-Heather Coco-M,B14-102
840276054624.0,8620-8-Heather Coco-L,B14-103
840276054648.0,8620-8-Heather Coco-XL,B14-104
840276054655.0,8620-8-Heather Coco-2X-3X,B14-105
840276081224.0,8620-8-Heather Driftwood-XS,B14-200
840276081231.0,8620-8-Heather Driftwood-S,B14-201
840276081248.0,8620-8-Heather Driftwood-M,B14-202
840276081255.0,8620-8-Heather Driftwood-L,B14-203
840276081262.0,8620-8-Heather Driftwood-XL,B14-204
840276081279.0,8620-8-Heather Driftwood-2X-3X,B14-205
840276081286.0,8620-8-Dark Heather Espresso-XS,B14-300
840276081293.0,8620-8-Dark Heather Espresso-S,B14-301
840276081309.0,8620-8-Dark Heather Espresso-M,B14-302
840276081316.0,8620-8-Dark Heather Espresso-L,B14-303
840276081323.0,8620-8-Dark Heather Espresso-XL,B14-304
840276081330.0,8620-8-Dark Heather Espresso-2X-3X,B14-305
840276076862.0,7800-60-Almond-XS,B14-400
840276076879.0,7800-60-Almond-S,B14-401
840276076886.0,7800-60-Almond-M,B14-402
840276076893.0,7800-60-Almond-L,B14-403
840276076909.0,7800-60-Almond-XL,B14-404
840276076916.0,7800-60-Almond-2X-3X,B14-405
840276076923.0,7800-60-Coco-XS,B17-100
840276076930.0,7800-60-Coco-S,B17-101
840276076947.0,7800-60-Coco-M,B17-102
840276076954.0,7800-60-Coco-L,B17-103
840276076961.0,7800-60-Coco-XL,B17-104
840276076978.0,7800-60-Coco-2X-3X,B17-105
840276076985.0,7800-60-Espresso-XS,B17-200
840276076992.0,7800-60-Espresso-S,B17-201
840276077005.0,7800-60-Espresso-M,B17-202
840276077012.0,7800-60-Espresso-L,B17-203
840276077029.0,7800-60-Espresso-XL,B17-204
840276077036.0,7800-60-Espresso-2X-3X,B17-205
840276042010.0,8800-Heather Black-XS,B17-300
840276042027.0,8800-Heather Black-S-M,B17-301
840276042034.0,8800-Heather Black-L-XL,B17-302
840276042041.0,8800-Heather Black-2X-3X,B17-303
840276080609.0,8800-Dark Heather Cherry Cola-XS,B17-304
840276080616.0,8800-Dark Heather Cherry Cola-S-M,B17-305
840276080623.0,8800-Dark Heather Cherry Cola-L-XL,B17-400
840276080630.0,8800-Dark Heather Cherry Cola-2X-3X,B17-401
840276054884.0,8800-Heather Coco-XS,B17-402
840276054891.0,8800-Heather Coco-S-M,B17-403
840276054907.0,8800-Heather Coco-L-XL,B17-404
840276054914.0,8800-Heather Coco-2X-3X,B17-405
840276080647.0,8800-Heather Driftwood-XS,B18-100
840276080654.0,8800-Heather Driftwood-S-M,B18-101
840276080661.0,8800-Heather Driftwood-L-XL,B18-102
840276080678.0,8800-Heather Driftwood-2X-3X,B18-103
840276080685.0,8800-Dark Heather Espresso-XS,B18-104
840276080692.0,8800-Dark Heather Espresso-S-M,B18-105
840276080708.0,8800-Dark Heather Espresso-L-XL,B18-200
840276080715.0,8800-Dark Heather Espresso-2X-3X,B18-201
840276038617.0,8800-Heather Grey-XS,B18-202
840276038624.0,8800-Heather Grey-S-M,B18-203
840276038631.0,8800-Heather Grey-L-XL,B18-204
840276038648.0,8800-Heather Grey-2X-3X,B18-205
840276064456.0,8900-20-Almond-OSFM,B18-300
840276064463.0,8900-20-Black-OSFM,B18-301
840276064470.0,8900-20-Coco-OSFM,B18-302
840276064487.0,8900-20-Grey-OSFM,B18-303
840276083907.0,6800-2T-Black-XS,B18-304
840276083914.0,6800-2T-Black-S,B18-305
840276083921.0,6800-2T-Black-M,B18-400
840276083938.0,6800-2T-Black-L,B18-401
840276083945.0,6800-2T-Black-XL,B18-402
840276083952.0,6800-2T-Black-2X-3X,B18-403
840276083969.0,6800-2T-Cherry Cola-XS,B18-404
840276083976.0,6800-2T-Cherry Cola-S,B18-405
840276083983.0,6800-2T-Cherry Cola-M,B19-100
840276083990.0,6800-2T-Cherry Cola-L,B19-101
840276084003.0,6800-2T-Cherry Cola-XL,B19-102
840276084010.0,6800-2T-Cherry Cola-2X-3X,B19-103
840276084027.0,6800-2T-Coco-XS,B19-104
840276084034.0,6800-2T-Coco-S,B19-105
840276084041.0,6800-2T-Coco-M,B19-200
840276084058.0,6800-2T-Coco-L,B19-201
840276084065.0,6800-2T-Coco-XL,B19-202
840276084072.0,6800-2T-Coco-2X-3X,B19-203
840276084652.0,7600-61-Cherry Cola-XS,B19-204
840276084669.0,7600-61-Cherry Cola-S,B19-205
840276084676.0,7600-61-Cherry Cola-M,B19-300
840276084683.0,7600-61-Cherry Cola-L,B19-301
840276084690.0,7600-61-Cherry Cola-XL,B19-302
840276084706.0,7600-61-Cherry Cola-2X-3X,B19-303
840276084713.0,7600-61-Driftwood-XS,B19-304
840276084720.0,7600-61-Driftwood-S,B19-305
840276084737.0,7600-61-Driftwood-M,B19-400
840276084744.0,7600-61-Driftwood-L,B19-401
840276084751.0,7600-61-Driftwood-XL,B19-402
840276084768.0,7600-61-Driftwood-2X-3X,B19-403
840276084775.0,7600-61-Espresso-XS,B19-404
840276084782.0,7600-61-Espresso-S,B19-405
840276084799.0,7600-61-Espresso-M,B20-100
840276084805.0,7600-61-Espresso-L,B20-101
840276084812.0,7600-61-Espresso-XL,B20-102
840276084829.0,7600-61-Espresso-2X-3X,B20-103
840276084478.0,7600-80-Cherry Cola-XS,B20-104
840276084485.0,7600-80-Cherry Cola-S,B20-105
840276084492.0,7600-80-Cherry Cola-M,B20-200
840276084508.0,7600-80-Cherry Cola-L,B20-201
840276084515.0,7600-80-Cherry Cola-XL,B20-202
840276084522.0,7600-80-Cherry Cola-2X-3X,B20-203
840276084539.0,7600-80-Driftwood-XS,B20-204
840276084546.0,7600-80-Driftwood-S,B20-205
840276084553.0,7600-80-Driftwood-M,B20-300
840276084560.0,7600-80-Driftwood-L,B20-301
840276084577.0,7600-80-Driftwood-XL,B20-302
840276084584.0,7600-80-Driftwood-2X-3X,B20-303
840276084591.0,7600-80-Espresso-XS,B20-304
840276084607.0,7600-80-Espresso-S,B20-305
840276084614.0,7600-80-Espresso-M,B20-400
840276084621.0,7600-80-Espresso-L,B20-401
840276084638.0,7600-80-Espresso-XL,B20-402
840276084645.0,7600-80-Espresso-2X-3X,B20-403
840276070716.0,7600-40-Coco-XS,B20-404
840276058974.0,7600-40-Coco-S,B20-405
840276058981.0,7600-40-Coco-M,B21-100
840276058998.0,7600-40-Coco-L,B21-101
840276058905.0,7600-40-Coco-XL,B21-102
840276058967.0,7600-40-Coco-2X-3X,B21-103
840276084294.0,7600-40-Cherry Cola-XS,B21-104
840276084300.0,7600-40-Cherry Cola-S,B21-105
840276084317.0,7600-40-Cherry Cola-M,B21-200
840276084324.0,7600-40-Cherry Cola-L,B21-201
840276084331.0,7600-40-Cherry Cola-XL,B21-202
840276084348.0,7600-40-Cherry Cola-2X-3X,B21-203
840276084355.0,7600-40-Driftwood-XS,B21-204
840276084362.0,7600-40-Driftwood-S,B21-205
840276084379.0,7600-40-Driftwood-M,B21-300
840276084386.0,7600-40-Driftwood-L,B21-301
840276084393.0,7600-40-Driftwood-XL,B21-302
840276084409.0,7600-40-Driftwood-2X-3X,B21-303
840276084416.0,7600-40-Espresso-XS,B21-304
840276084423.0,7600-40-Espresso-S,B21-305
840276084430.0,7600-40-Espresso-M,B21-400
840276084447.0,7600-40-Espresso-L,B21-401
840276084454.0,7600-40-Espresso-XL,B21-402
840276084461.0,7600-40-Espresso-2X-3X,B21-403
840276084089.0,8900-8T-Black-XS,B21-404
840276084096.0,8900-8T-Black-S,B21-405
840276084102.0,8900-8T-Black-M,B22-100
840276084119.0,8900-8T-Black-L,B22-101
840276084126.0,8900-8T-Black-XL,B22-102
840276084133.0,8900-8T-Black-2X-3X,B22-103
840276084140.0,8900-8T-Cherry Cola-XS,B22-104
840276084157.0,8900-8T-Cherry Cola-S,B22-105
840276084164.0,8900-8T-Cherry Cola-M,B22-200
840276084171.0,8900-8T-Cherry Cola-L,B22-201
840276084188.0,8900-8T-Cherry Cola-XL,B22-202
840276084195.0,8900-8T-Cherry Cola-2X-3X,B22-203
840276084201.0,8900-8T-Coco-XS,B22-204
840276084218.0,8900-8T-Coco-S,B22-205
840276084225.0,8900-8T-Coco-M,B22-300
840276084232.0,8900-8T-Coco-L,B22-301
840276084249.0,8900-8T-Coco-XL,B22-302
840276084256.0,8900-8T-Coco-2X-3X,B22-303
840276077227.0,7800-80-Almond-XS,B22-304
840276077234.0,7800-80-Almond-S,B22-305
840276077241.0,7800-80-Almond-M,B22-400
840276077258.0,7800-80-Almond-L,B22-401
840276077265.0,7800-80-Almond-XL,B22-402
840276077272.0,7800-80-Almond-2X-3X,B22-403
840276077289.0,7800-80-Coco-XS,B22-404
840276077296.0,7800-80-Coco-S,B22-405
840276077302.0,7800-80-Coco-M,B23-100
840276077319.0,7800-80-Coco-L,B23-101
840276077326.0,7800-80-Coco-XL,B23-102
840276077333.0,7800-80-Coco-2X-3X,B23-103
840276077340.0,7800-80-Espresso-XS,B23-104
840276077357.0,7800-80-Espresso-S,B23-105
840276077364.0,7800-80-Espresso-M,B23-200
840276077371.0,7800-80-Espresso-L,B23-201
840276077388.0,7800-80-Espresso-XL,B23-202
840276077395.0,7800-80-Espresso-2X-3X,B23-203
840276064586.0,1420-9-Almond-S,B23-204
840276064593.0,1420-9-Almond-M,B23-205
840276064609.0,1420-9-Almond-L,B23-300
840276064616.0,1420-9-Almond-XL,B23-301
840276064623.0,1420-9-Almond-2X-3X,B23-302
840276064630.0,1420-9-Black-S,B23-303
840276064647.0,1420-9-Black-M,B23-304
840276064654.0,1420-9-Black-L,B23-305
840276064661.0,1420-9-Black-XL,B23-400
840276064678.0,1420-9-Black-2X-3X,B23-401
840276080722.0,1420-9-Cherry Cola-S,B23-402
840276080739.0,1420-9-Cherry Cola-M,B23-403
840276080746.0,1420-9-Cherry Cola-L,B23-404
840276080753.0,1420-9-Cherry Cola-XL,B23-405
840276080760.0,1420-9-Cherry Cola-2X-3X,B24-100
840276064685.0,1420-9-Grey-S,B24-101
840276064692.0,1420-9-Grey-M,B24-102
840276064708.0,1420-9-Grey-L,B24-103
840276064715.0,1420-9-Grey-XL,B24-104
840276064722.0,1420-9-Grey-2X-3X,B24-105
840276064739.0,1420-9-Midnight-S,B24-200
840276064746.0,1420-9-Midnight-M,B24-201
840276064753.0,1420-9-Midnight-L,B24-202
840276064760.0,1420-9-Midnight-XL,B24-203
840276064777.0,1420-9-Midnight-2X-3X,B24-204
840276062797.0,6800-0-Fig-XS,B24-205
840276062810.0,6800-0-Fig-M,B24-300
840276062827.0,6800-0-Fig-L,B24-301
840276062841.0,6800-0-Fig-2X-3X,B24-302
840276062858.0,6800-0-Grey-XS,B24-303
840276062865.0,6800-0-Grey-S,B24-304
840276062872.0,6800-0-Grey-M,B24-305
840276062889.0,6800-0-Grey-L,B24-400
840276062896.0,6800-0-Grey-XL,B24-401
840276062902.0,6800-0-Grey-2X-3X,B24-402
840276071454.0,3700-Almond-OSFM,B24-403
840276045134.0,3700-Black-OSFM,B24-404
840276084263.0,3700-Cherry Cola-OSFM,B24-405
840276045165.0,3700-Cloud-OSFM,B25-100
840276059117.0,3700-Coco-OSFM,B25-101
840276084270.0,3700-Driftwood-OSFM,B25-102
840276084287.0,3700-Espresso-OSFM,B25-103
840276045141.0,3700-Grey-OSFM,B25-104
840276059131.0,3700-Spring Lake-OSFM,B25-105
840276069895.0,3600-Almond-OSFM,B25-200
840276069901.0,3600-Black-OSFM,B25-201
840276069918.0,3600-Coco-OSFM,B25-202
840276069925.0,3600-Grey-OSFM,B25-203
840276069932.0,3600-Midnight-OSFM,B25-204
840276080777.0,1480-9-Black-S-M,B25-205
840276080784.0,1480-9-Black-L-XL,B25-300
840276080791.0,1480-9-Black-2X-3X,B25-301
840276080838.0,1480-9-Midnight-S-M,B25-302
840276080845.0,1480-9-Midnight-L-XL,B25-303
840276080852.0,1480-9-Midnight-2X-3X,B25-304
840276079054.0,3100-Wild Espresso-OSFM,B25-305
840276079061.0,3100-Wild Grey-OSFM,B25-400
840276069949.0,3500-Almond-OSFM,B25-401
840276069956.0,3500-Coco-OSFM,B25-402
840276069963.0,3500-Grey-OSFM,B25-403
840276069970.0,3500-Midnight-OSFM,B25-404
840276069840.0,3800-Almond-OSFM,B25-405
840276069857.0,3800-Black-OSFM,B26-100
840276069864.0,3800-Coco-OSFM,B26-101
840276069871.0,3800-Grey-OSFM,B26-102
840276069888.0,3800-Midnight-OSFM,B26-103
840276064845.0,3610-10-Black-OSFM,B26-104
840276064876.0,3610-10-Midnight-OSFM,B26-105
840276069796.0,3900-Almond-OSFM,B26-200
840276069802.0,3900-Black-OSFM,B26-201
840276069819.0,3900-Coco-OSFM,B26-202
840276069826.0,3900-Grey-OSFM,B26-203
840276069833.0,3900-Midnight-OSFM,B26-204
840276053917.0,5700-Black-S,B26-205
840276053924.0,5700-Black-M,B26-300
840276053955.0,5700-Spring Lake-S,B26-301
840276053962.0,5700-Spring Lake-M,B26-302
840276053979.0,5700-Spring Lake-L,B26-303
840276071362.0,5700-Cloud-XS,B26-304
840276047305.0,5700-Cloud-S,B26-305
840276047312.0,5700-Cloud-M,B26-400
840276047329.0,5700-Cloud-L,B26-401
840276047336.0,5700-Cloud-XL,B26-402
840276061875.0,5700-Cloud-2X-3X,B26-403
840276071348.0,5700-Light Blue-XS,B26-404
840276004797.0,5700-Light Blue-S,B26-405
840276004803.0,5700-Light Blue-M,B27-100
840276004810.0,5700-Light Blue-L,B27-101
840276004827.0,5700-Light Blue-XL,B27-102
840276061851.0,5700-Light Blue-2X-3X,B27-103
840276071355.0,5700-Light Pink-XS,B27-104
840276004759.0,5700-Light Pink-S,B27-105
840276004766.0,5700-Light Pink-M,B27-200
840276004773.0,5700-Light Pink-L,B27-201
840276004780.0,5700-Light Pink-XL,B27-202
840276061868.0,5700-Light Pink-2X-3X,B27-203
840276071393.0,8300-Cloud-XS,B27-204
840276047381.0,8300-Cloud-S,B27-205
840276047398.0,8300-Cloud-M,B27-300
840276047404.0,8300-Cloud-L,B27-301
840276047411.0,8300-Cloud-XL,B27-302
840276061905.0,8300-Cloud-2X-3X,B27-303
840276071379.0,8300-Light Blue-XS,B27-304
840276015847.0,8300-Light Blue-S,B27-305
840276015854.0,8300-Light Blue-M,B27-400
840276015861.0,8300-Light Blue-L,B27-401
840276015878.0,8300-Light Blue-XL,B27-402
840276061882.0,8300-Light Blue-2X-3X,B27-403
840276071386.0,8300-Light Pink-XS,B27-404
840276018701.0,8300-Light Pink-S,B27-405
840276018718.0,8300-Light Pink-M,B28-100
840276018725.0,8300-Light Pink-L,B28-101
840276018732.0,8300-Light Pink-XL,B28-102
840276061899.0,8300-Light Pink-2X-3X,B28-103
840276063206.0,6800-2-Dusty Green-2X-3X,B28-104
840276063220.0,6800-2-Fig-S,B28-105
840276063268.0,6800-2-Fig-2X-3X,B28-200
840276063299.0,6800-2-Grey-M,B28-201
840276063312.0,6800-2-Grey-XL,B28-202
840276063329.0,6800-2-Grey-2X-3X,B28-203
840276063350.0,6800-2-Midnight-M,B28-204
840276063367.0,6800-2-Midnight-L,B28-205
840276063374.0,6800-2-Midnight-XL,B28-300
840276063473.0,8900-8-Dusty Green-XS,B28-301
840276054297.0,8900-8-Dusty Green-2X-3X,B28-302
840276065965.0,8900-8-Fig-XS,B28-303
840276065972.0,8900-8-Fig-S,B28-304
840276065996.0,8900-8-Fig-L,B28-305
840276066009.0,8900-8-Fig-XL,B28-400
840276066016.0,8900-8-Fig-2X-3X,B28-401
840276066061.0,8900-8-Grey-XL,B28-402
840276066078.0,8900-8-Grey-2X-3X,B28-403
840276063558.0,8900-8-Midnight-XS,B28-404
840276063565.0,8900-8-Midnight-S,B28-405
840276063602.0,8900-8-Midnight-2X-3X,B29-100
840276062254.0,6800-4-Almond-XS,B29-101
840276062261.0,6800-4-Almond-S,B29-102
840276062292.0,6800-4-Almond-XL,B29-103
840276062315.0,6800-4-Black-XS,B29-104
840276062322.0,6800-4-Black-S,B29-105
840276062353.0,6800-4-Black-XL,B29-200
840276062377.0,6800-4-Coco-XS,B29-201
840276062438.0,6800-4-Fig-XS,B29-202
840276062445.0,6800-4-Fig-S,B29-203
840276062452.0,6800-4-Fig-M,B29-204
840276062469.0,6800-4-Fig-L,B29-205
840276062506.0,6800-4-Grey-S,B29-300
840276062513.0,6800-4-Grey-M,B29-301
840276042171.0,8618-Heather Birch-XS,B29-302
840276046278.0,8618-Heather Black-XS,B29-303
840276046285.0,8618-Heather Black-S-M,B29-304
840276046292.0,8618-Heather Black-L-XL,B29-305
840276046308.0,8618-Heather Black-2X-3X,B29-400
840276054716.0,8618-Heather Blush Pink-XS,B29-401
840276054723.0,8618-Heather Blush Pink-S-M,B29-402
840276054730.0,8618-Heather Blush Pink-L-XL,B29-403
840276054747.0,8618-Heather Blush Pink-2X-3X,B29-404
840276054754.0,8618-Heather Coco-XS,B29-405
840276054761.0,8618-Heather Coco-S-M,B30-100
840276054778.0,8618-Heather Coco-L-XL,B30-101
840276054785.0,8618-Heather Coco-2X-3X,B30-102
840276054792.0,8618-Heather Dusty Green-XS,B30-103
840276054808.0,8618-Heather Dusty Green-S-M,B30-104
840276054815.0,8618-Heather Dusty Green-L-XL,B30-105
840276054822.0,8618-Heather Dusty Green-2X-3X,B30-200
840276046315.0,8618-Heather Grey-XS,B30-201
840276046322.0,8618-Heather Grey-S-M,B30-202
840276046339.0,8618-Heather Grey-L-XL,B30-203
840276046346.0,8618-Heather Grey-2X-3X,B30-204
840276042218.0,8618-Heather Spring Lake-XS,B30-205
840276045745.0,8618-Heather Spring Lake-2X-3X,B30-300
840276052040.0,8618-Heather Stone-XS,B30-301
840276052071.0,8618-Heather Stone-2X-3X,B30-302
840276032950.0,8618-Navy-XS,B30-303
840276051814.0,9620-4-Heather Black-XS,B30-304
840276051821.0,9620-4-Heather Black-S-M,B30-305
840276051852.0,9620-4-Heather Blush Pink-XS,B30-400
840276051890.0,9620-4-Heather Grey-XS,B30-401
840276051906.0,9620-4-Heather Grey-S-M,B30-402
840276051913.0,9620-4-Heather Grey-L-XL,B30-403
840276051937.0,9620-4-Heather Spring Lake-XS,B30-404
840276051944.0,9620-4-Heather Spring Lake-S-M,B30-405
840276051975.0,9620-4-Heather Stone-XS,B31-100
840276051982.0,9620-4-Heather Stone-S-M,B31-101
840276051999.0,9620-4-Heather Stone-L-XL,B31-102
840276052002.0,9620-4-Heather Stone-2X-3X,B31-103
840276068249.0,7620-8-Heather Black-XS,B31-104
840276068256.0,7620-8-Heather Black-S,B31-105
840276068409.0,7620-8-Heather Coco-XL,B31-200
840276068416.0,7620-8-Heather Coco-2X-3X,B31-201
840276068423.0,7620-8-Heather Dusty Green-XS,B31-202
840276068430.0,7620-8-Heather Dusty Green-S,B31-203
840276068553.0,7620-8-Heather Grey-S,B31-204
840276068577.0,7620-8-Heather Grey-L,B31-205
840276068584.0,7620-8-Heather Grey-XL,B31-300
840276068591.0,7620-8-Heather Grey-2X-3X,B31-301
840276068607.0,7620-8-Heather Midnight-XS,B31-302
840276064074.0,8900-6-Almond-XL,B31-303
840276064081.0,8900-6-Almond-2X-3X,B31-304
840276064098.0,8900-6-Black-XS,B31-305
840276064104.0,8900-6-Black-S,B31-400
840276064128.0,8900-6-Black-L,B31-401
840276064135.0,8900-6-Black-XL,B31-402
840276064142.0,8900-6-Black-2X-3X,B31-403
840276064197.0,8900-6-Coco-XL,B31-404
840276064203.0,8900-6-Coco-2X-3X,B31-405
840276064210.0,8900-6-Dusty Green-XS,B32-100
840276064265.0,8900-6-Dusty Green-2X-3X,B32-101
840276064364.0,8900-6-Grey-L,B32-102
840276064371.0,8900-6-Grey-XL,B32-103
840276064388.0,8900-6-Grey-2X-3X,B32-104
840276064395.0,8900-6-Midnight-XS,B32-105
840276064432.0,8900-6-Midnight-XL,B32-200
840276064449.0,8900-6-Midnight-2X-3X,B32-201
840276064500.0,9000-9-Black-XS,B32-202
840276064548.0,9000-9-Coco-XS,B32-203
840276071218.0,9000-9-Grey-XS,B32-204
840276071249.0,9000-9-Grey-2X-3X,B32-205
840276071256.0,9000-9-Midnight-XS,B32-300
840276063688.0,8900-9-Black-S,B32-301
840276063855.0,8900-9-Fig-XS,B32-302
840276063879.0,8900-9-Fig-M,B32-303
840276063961.0,8900-9-Grey-2X-3X,B32-304
840276050725.0,8620-8-Heather Grey-XL,B32-305
840276050732.0,8620-8-Heather Grey-2X-3X,B32-400
,8620-8-Heather Spring Lake-S,B32-401
,8620-8-Heather Spring Lake-XL,B32-402
840276054839.0,8800-Heather Blush Pink-XS,B32-403
840276054860.0,8800-Heather Blush Pink-2X-3X,B32-404
840276054952.0,8800-Heather Dusty Green-L-XL,B32-405
840276079337.0,1440-4-Black-S,C01-100
840276079344.0,1440-4-Black-M,C01-101
840276079351.0,1440-4-Black-L,C01-102
840276079368.0,1440-4-Black-XL,C01-103
840276079375.0,1440-4-Black-2X-3X,C01-104
840276079382.0,1440-4-Cherry Cola-S,C01-105
840276079399.0,1440-4-Cherry Cola-M,C01-200
840276079405.0,1440-4-Cherry Cola-L,C01-201
840276079412.0,1440-4-Cherry Cola-XL,C01-202
840276079429.0,1440-4-Cherry Cola-2X-3X,C01-203
840276079436.0,1440-4-Midnight-S,C01-204
840276079443.0,1440-4-Midnight-M,C01-205
840276079450.0,1440-4-Midnight-L,C01-300
840276079467.0,1440-4-Midnight-XL,C01-301
840276079474.0,1440-4-Midnight-2X-3X,C01-302
840276066290.0,1440-7-Black-S,C01-303
840276066306.0,1440-7-Black-M,C01-304
840276066313.0,1440-7-Black-L,C01-305
840276066320.0,1440-7-Black-XL,C01-400
840276066337.0,1440-7-Black-2X-3X,C01-401
840276061806.0,2914-40-Apricot-2X-3X,C02-103
840276047183.0,2914-40-Black-2X-3X,C02-104
840276082597.0,2914-40-Cherry Cola-2X-3X,C02-105
840276061790.0,2914-40-Apricot-L-XL,C02-203
840276047176.0,2914-40-Black-L-XL,C02-204
840276082580.0,2914-40-Cherry Cola-L-XL,C02-205
840276061783.0,2914-40-Apricot-S-M,C02-303
840276047169.0,2914-40-Black-S-M,C02-304
840276082573.0,2914-40-Cherry Cola-S-M,C02-305
840276061776.0,2914-40-Apricot-XS,C02-403
840276047152.0,2914-40-Black-XS,C02-404
840276082566.0,2914-40-Cherry Cola-XS,C02-405
840276079283.0,1440-7-Cherry Cola-S,C03-100
840276079290.0,1440-7-Cherry Cola-M,C03-101
840276079306.0,1440-7-Cherry Cola-L,C03-102
840276079313.0,1440-7-Cherry Cola-XL,C03-103
840276079320.0,1440-7-Cherry Cola-2X-3X,C03-104
840276066344.0,1440-7-Grey-S,C03-105
840276066351.0,1440-7-Grey-M,C03-200
840276066368.0,1440-7-Grey-L,C03-201
840276066375.0,1440-7-Grey-XL,C03-202
840276066382.0,1440-7-Grey-2X-3X,C03-203
840276066399.0,1440-7-Midnight-S,C03-204
840276066405.0,1440-7-Midnight-M,C03-205
840276066412.0,1440-7-Midnight-L,C03-300
840276066429.0,1440-7-Midnight-XL,C03-301
840276066436.0,1440-7-Midnight-2X-3X,C03-302
840276066443.0,1440-8-Black-S,C03-303
840276066450.0,1440-8-Black-M,C03-304
840276066467.0,1440-8-Black-L,C03-305
840276066474.0,1440-8-Black-XL,C03-400
840276066481.0,1440-8-Black-2X-3X,C03-401
840276079481.0,1440-8-Cherry Cola-S,C03-402
840276079498.0,1440-8-Cherry Cola-M,C03-403
840276079504.0,1440-8-Cherry Cola-L,C03-404
840276079511.0,1440-8-Cherry Cola-XL,C03-405
840276079528.0,1440-8-Cherry Cola-2X-3X,C04-100
840276066504.0,1440-8-Grey-M,C04-101
840276066511.0,1440-8-Grey-L,C04-102
840276066528.0,1440-8-Grey-XL,C04-103
840276066535.0,1440-8-Grey-2X-3X,C04-104
840276066542.0,1440-8-Midnight-S,C04-105
840276066559.0,1440-8-Midnight-M,C04-200
840276066566.0,1440-8-Midnight-L,C04-201
840276066573.0,1440-8-Midnight-XL,C04-202
840276066580.0,1440-8-Midnight-2X-3X,C04-203
840276066146.0,1440-9-Black-S,C04-204
840276066153.0,1440-9-Black-M,C04-205
840276066160.0,1440-9-Black-L,C04-300
840276066177.0,1440-9-Black-XL,C04-301
840276066184.0,1440-9-Black-2X-3X,C04-302
840276079238.0,1440-9-Cherry Cola-S,C04-303
840276079245.0,1440-9-Cherry Cola-M,C04-304
840276079252.0,1440-9-Cherry Cola-L,C04-305
840276079269.0,1440-9-Cherry Cola-XL,C04-400
840276079276.0,1440-9-Cherry Cola-2X-3X,C04-401
840276066191.0,1440-9-Grey-S,C04-402
840276066207.0,1440-9-Grey-M,C04-403
840276066214.0,1440-9-Grey-L,C04-404
840276066221.0,1440-9-Grey-XL,C04-405
840276066238.0,1440-9-Grey-2X-3X,C05-100
840276066245.0,1440-9-Midnight-S,C05-101
840276066252.0,1440-9-Midnight-M,C05-102
840276066269.0,1440-9-Midnight-L,C05-103
840276066276.0,1440-9-Midnight-XL,C05-104
840276066283.0,1440-9-Midnight-2X-3X,C05-105
840276067600.0,7900-3-Black-2X-3X,C05-200
840276083716.0,7900-3-Driftwood-2X-3X,C05-201
840276067594.0,7900-3-Black-XL,C05-202
840276083709.0,7900-3-Driftwood-XL,C05-203
840276067587.0,7900-3-Black-L,C05-204
840276083693.0,7900-3-Driftwood-L,C05-205
840276067570.0,7900-3-Black-M,C05-300
840276083686.0,7900-3-Driftwood-M,C05-301
840276067563.0,7900-3-Black-S,C05-302
840276083679.0,7900-3-Driftwood-S,C05-303
840276067556.0,7900-3-Black-XS,C05-304
840276083662.0,7900-3-Driftwood-XS,C05-305
840276083730.0,5200-2T-Black-S,C05-400
840276083792.0,5200-2T-Cherry Cola-S,C05-401
840276083853.0,5200-2T-Coco-S,C05-402
840276083723.0,5200-2T-Black-XS,C05-403
840276083785.0,5200-2T-Cherry Cola-XS,C05-404
840276083846.0,5200-2T-Coco-XS,C05-405
840276083778.0,5200-2T-Black-2X-3X,C06-100
840276083839.0,5200-2T-Cherry Cola-2X-3X,C06-101
840276083891.0,5200-2T-Coco-2X-3X,C06-102
840276083761.0,5200-2T-Black-XL,C06-103
840276083822.0,5200-2T-Cherry Cola-XL,C06-104
840276083884.0,5200-2T-Coco-XL,C06-105
840276083754.0,5200-2T-Black-L,C06-200
840276083815.0,5200-2T-Cherry Cola-L,C06-201
840276083877.0,5200-2T-Coco-L,C06-202
840276083747.0,5200-2T-Black-M,C06-203
840276083808.0,5200-2T-Cherry Cola-M,C06-204
840276083860.0,5200-2T-Coco-M,C06-205
840276067303.0,7900-8-Black-2X-3X,C06-300
840276083655.0,7900-8-Driftwood-2X-3X,C06-301
840276067297.0,7900-8-Black-XL,C06-302
840276083648.0,7900-8-Driftwood-XL,C06-303
840276067280.0,7900-8-Black-L,C06-304
840276083631.0,7900-8-Driftwood-L,C06-305
840276067273.0,7900-8-Black-M,C06-400
840276083624.0,7900-8-Driftwood-M,C06-401
840276067266.0,7900-8-Black-S,C06-402
840276083617.0,7900-8-Driftwood-S,C06-403
840276067259.0,7900-8-Black-XS,C06-404
840276083600.0,7900-8-Driftwood-XS,C06-405
840276046773.0,2300-6-Black-2X-3X,C07-100
840276082818.0,2300-6-Cherry Cola-2X-3X,C07-101
840276082870.0,2300-6-Cherry Cola Stripe-2X-3X,C07-102
840276073373.0,2300-6-Copper Rose-2X-3X,C07-103
840276046766.0,2300-6-Black-XL,C07-104
840276082801.0,2300-6-Cherry Cola-XL,C07-105
840276082863.0,2300-6-Cherry Cola Stripe-XL,C07-200
840276073366.0,2300-6-Copper Rose-XL,C07-201
840276046759.0,2300-6-Black-L,C07-202
840276082795.0,2300-6-Cherry Cola-L,C07-203
840276082856.0,2300-6-Cherry Cola Stripe-L,C07-204
840276073359.0,2300-6-Copper Rose-L,C07-205
840276046742.0,2300-6-Black-M,C07-300
840276082788.0,2300-6-Cherry Cola-M,C07-301
840276082849.0,2300-6-Cherry Cola Stripe-M,C07-302
840276073342.0,2300-6-Copper Rose-M,C07-303
840276046735.0,2300-6-Black-S,C07-304
840276082771.0,2300-6-Cherry Cola-S,C07-305
840276082832.0,2300-6-Cherry Cola Stripe-S,C07-400
840276073335.0,2300-6-Copper Rose-S,C07-401
840276070464.0,2300-6-Black-XS,C07-402
840276082764.0,2300-6-Cherry Cola-XS,C07-403
840276082825.0,2300-6-Cherry Cola Stripe-XS,C07-404
840276073328.0,2300-6-Copper Rose-XS,C07-405
840276082917.0,2300-6-Driftwood-L,C08-100
840276082979.0,2300-6-Driftwood Stripe-L,C08-101
840276083037.0,2300-6-Espresso-L,C08-102
840276046858.0,2300-6-Heather Grey-L,C08-103
840276073236.0,2300-6-Indigo-L,C08-104
840276073298.0,2300-6-Indigo White-L,C08-105
840276082900.0,2300-6-Driftwood-M,C08-200
840276082962.0,2300-6-Driftwood Stripe-M,C08-201
840276083020.0,2300-6-Espresso-M,C08-202
840276046841.0,2300-6-Heather Grey-M,C08-203
840276073229.0,2300-6-Indigo-M,C08-204
840276073281.0,2300-6-Indigo White-M,C08-205
840276082894.0,2300-6-Driftwood-S,C08-300
840276082955.0,2300-6-Driftwood Stripe-S,C08-301
840276083013.0,2300-6-Espresso-S,C08-302
840276046834.0,2300-6-Heather Grey-S,C08-303
840276073212.0,2300-6-Indigo-S,C08-304
840276073274.0,2300-6-Indigo White-S,C08-305
840276082887.0,2300-6-Driftwood-XS,C08-400
840276082948.0,2300-6-Driftwood Stripe-XS,C08-401
840276083006.0,2300-6-Espresso-XS,C08-402
840276071409.0,2300-6-Heather Grey-XS,C08-403
840276073205.0,2300-6-Indigo-XS,C08-404
840276073267.0,2300-6-Indigo White-XS,C08-405
840276082931.0,2300-6-Driftwood-2X-3X,C09-100
840276082993.0,2300-6-Driftwood Stripe-2X-3X,C09-101
840276083051.0,2300-6-Espresso-2X-3X,C09-102
840276046872.0,2300-6-Heather Grey-2X-3X,C09-103
840276073250.0,2300-6-Indigo-2X-3X,C09-104
840276073311.0,2300-6-Indigo White-2X-3X,C09-105
840276082924.0,2300-6-Driftwood-XL,C09-200
840276082986.0,2300-6-Driftwood Stripe-XL,C09-201
840276083044.0,2300-6-Espresso-XL,C09-202
840276046865.0,2300-6-Heather Grey-XL,C09-203
840276073243.0,2300-6-Indigo-XL,C09-204
840276073304.0,2300-6-Indigo White-XL,C09-205
840276076619.0,4200-4-Black-2X-3X,C09-300
840276076671.0,4200-4-Cherry Cola-2X-3X,C09-301
840276076602.0,4200-4-Black-XL,C09-302
840276076664.0,4200-4-Cherry Cola-XL,C09-303
840276076596.0,4200-4-Black-L,C09-304
840276076657.0,4200-4-Cherry Cola-L,C09-305
840276076589.0,4200-4-Black-M,C09-400
840276076640.0,4200-4-Cherry Cola-M,C09-401
840276076572.0,4200-4-Black-S,C09-402
840276076633.0,4200-4-Cherry Cola-S,C09-403
840276076565.0,4200-4-Black-XS,C09-404
840276076626.0,4200-4-Cherry Cola-XS,C09-405
840276082634.0,2914-40-Cherry Cola Stripe-2X-3X,C10-100
840276073496.0,2914-40-Copper Rose-2X-3X,C10-101
840276082672.0,2914-40-Driftwood-2X-3X,C10-102
840276082627.0,2914-40-Cherry Cola Stripe-L-XL,C10-200
840276073489.0,2914-40-Copper Rose-L-XL,C10-201
840276082665.0,2914-40-Driftwood-L-XL,C10-202
840276082610.0,2914-40-Cherry Cola Stripe-S-M,C10-300
840276073472.0,2914-40-Copper Rose-S-M,C10-301
840276082658.0,2914-40-Driftwood-S-M,C10-302
840276082603.0,2914-40-Cherry Cola Stripe-XS,C10-400
840276073465.0,2914-40-Copper Rose-XS,C10-401
840276082641.0,2914-40-Driftwood-XS,C10-402
840276076732.0,4200-4-Coco-2X-3X,C11-100
840276076794.0,4200-4-Driftwood-2X-3X,C11-101
840276076855.0,4200-4-Espresso-2X-3X,C11-102
840276076725.0,4200-4-Coco-XL,C11-103
840276076787.0,4200-4-Driftwood-XL,C11-104
840276076848.0,4200-4-Espresso-XL,C11-105
840276076718.0,4200-4-Coco-L,C11-200
840276076770.0,4200-4-Driftwood-L,C11-201
840276076831.0,4200-4-Espresso-L,C11-202
840276076701.0,4200-4-Coco-M,C11-203
840276076763.0,4200-4-Driftwood-M,C11-204
840276076824.0,4200-4-Espresso-M,C11-205
840276076695.0,4200-4-Coco-S,C11-300
840276076756.0,4200-4-Driftwood-S,C11-301
840276076817.0,4200-4-Espresso-S,C11-302
840276076688.0,4200-4-Coco-XS,C11-303
840276076749.0,4200-4-Driftwood-XS,C11-304
840276076800.0,4200-4-Espresso-XS,C11-305
840276083433.0,9900-4-Cherry Cola-S,C11-400
840276083495.0,9900-4-Wild Almond-S,C11-401
840276083556.0,9900-4-Wild Driftwood-S,C11-402
840276083426.0,9900-4-Cherry Cola-XS,C11-403
840276083488.0,9900-4-Wild Almond-XS,C11-404
840276083549.0,9900-4-Wild Driftwood-XS,C11-405
840276083471.0,9900-4-Cherry Cola-2X-3X,C12-100
840276083532.0,9900-4-Wild Almond-2X-3X,C12-101
840276083594.0,9900-4-Wild Driftwood-2X-3X,C12-102
840276083464.0,9900-4-Cherry Cola-XL,C12-103
840276083525.0,9900-4-Wild Almond-XL,C12-104
840276083587.0,9900-4-Wild Driftwood-XL,C12-105
840276083457.0,9900-4-Cherry Cola-L,C12-200
840276083518.0,9900-4-Wild Almond-L,C12-201
840276083570.0,9900-4-Wild Driftwood-L,C12-202
840276083440.0,9900-4-Cherry Cola-M,C12-203
840276083501.0,9900-4-Wild Almond-M,C12-204
840276083563.0,9900-4-Wild Driftwood-M,C12-205
840276066672.0,9900-8-Black-M,C12-300
840276083082.0,9900-8-Cherry Cola-M,C12-301
840276083143.0,9900-8-Wild Almond-M,C12-302
840276083204.0,9900-8-Wild Driftwood-M,C12-303
840276066665.0,9900-8-Black-S,C12-304
840276083075.0,9900-8-Cherry Cola-S,C12-305
840276083136.0,9900-8-Wild Almond-S,C12-400
840276083198.0,9900-8-Wild Driftwood-S,C12-401
840276066658.0,9900-8-Black-XS,C12-402
840276083068.0,9900-8-Cherry Cola-XS,C12-403
840276083129.0,9900-8-Wild Almond-XS,C12-404
840276083181.0,9900-8-Wild Driftwood-XS,C12-405
840276066702.0,9900-8-Black-2X-3X,C13-100
840276083112.0,9900-8-Cherry Cola-2X-3X,C13-101
840276083174.0,9900-8-Wild Almond-2X-3X,C13-102
840276083235.0,9900-8-Wild Driftwood-2X-3X,C13-103
840276066696.0,9900-8-Black-XL,C13-104
840276083105.0,9900-8-Cherry Cola-XL,C13-105
840276083167.0,9900-8-Wild Almond-XL,C13-200
840276083228.0,9900-8-Wild Driftwood-XL,C13-201
840276066689.0,9900-8-Black-L,C13-202
840276083099.0,9900-8-Cherry Cola-L,C13-203
840276083150.0,9900-8-Wild Almond-L,C13-204
840276083211.0,9900-8-Wild Driftwood-L,C13-205
840276064906.0,5200-9-Almond-M,C13-300
840276064968.0,5200-9-Black-M,C13-301
840276078835.0,5200-9-Cherry Cola-M,C13-302
840276064913.0,5200-9-Almond-L,C13-303
840276064975.0,5200-9-Black-L,C13-304
840276078842.0,5200-9-Cherry Cola-L,C13-305
840276064883.0,5200-9-Almond-XS,C13-400
840276064944.0,5200-9-Black-XS,C13-401
840276078811.0,5200-9-Cherry Cola-XS,C13-402
840276064890.0,5200-9-Almond-S,C13-403
840276064951.0,5200-9-Black-S,C13-404
840276078828.0,5200-9-Cherry Cola-S,C13-405
840276064937.0,5200-9-Almond-2X-3X,C14-100
840276064999.0,5200-9-Black-2X-3X,C14-101
840276078866.0,5200-9-Cherry Cola-2X-3X,C14-102
840276064920.0,5200-9-Almond-XL,C14-103
840276064982.0,5200-9-Black-XL,C14-104
840276078859.0,5200-9-Cherry Cola-XL,C14-105
840276065026.0,5200-9-Coco-M,C14-200
840276073946.0,5200-9-Copper Rose-M,C14-201
840276078897.0,5200-9-Driftwood-M,C14-202
840276078958.0,5200-9-Espresso-M,C14-203
840276065200.0,5200-9-Grey-M,C14-204
840276073885.0,5200-9-Indigo-M,C14-205
840276065019.0,5200-9-Coco-S,C14-300
840276073939.0,5200-9-Copper Rose-S,C14-301
840276078880.0,5200-9-Driftwood-S,C14-302
840276078941.0,5200-9-Espresso-S,C14-303
840276065194.0,5200-9-Grey-S,C14-304
840276073878.0,5200-9-Indigo-S,C14-305
840276065002.0,5200-9-Coco-XS,C14-400
840276073922.0,5200-9-Copper Rose-XS,C14-401
840276078873.0,5200-9-Driftwood-XS,C14-402
840276078934.0,5200-9-Espresso-XS,C14-403
840276065187.0,5200-9-Grey-XS,C14-404
840276073861.0,5200-9-Indigo-XS,C14-405
840276065057.0,5200-9-Coco-2X-3X,C15-100
840276073977.0,5200-9-Copper Rose-2X-3X,C15-101
840276078927.0,5200-9-Driftwood-2X-3X,C15-102
840276078989.0,5200-9-Espresso-2X-3X,C15-103
840276065231.0,5200-9-Grey-2X-3X,C15-104
840276073915.0,5200-9-Indigo-2X-3X,C15-105
840276065040.0,5200-9-Coco-XL,C15-200
840276073960.0,5200-9-Copper Rose-XL,C15-201
840276078910.0,5200-9-Driftwood-XL,C15-202
840276078972.0,5200-9-Espresso-XL,C15-203
840276065224.0,5200-9-Grey-XL,C15-204
840276073908.0,5200-9-Indigo-XL,C15-205
840276065033.0,5200-9-Coco-L,C15-300
840276073953.0,5200-9-Copper Rose-L,C15-301
840276078903.0,5200-9-Driftwood-L,C15-302
840276078965.0,5200-9-Espresso-L,C15-303
840276065217.0,5200-9-Grey-L,C15-304
840276073892.0,5200-9-Indigo-L,C15-305
840276069987.0,33620-8-Black-XS,C15-400
840276081965.0,33620-8-Cherry Cola-XS,C15-401
840276082023.0,33620-8-Cherry Cola Stripe-XS,C15-402
840276082085.0,33620-8-Driftwood-XS,C15-403
840276082146.0,33620-8-Driftwood Stripe-XS,C15-404
840276082207.0,33620-8-Espresso-XS,C15-405
840276041228.0,33620-8-Black-XL,C16-100
840276082009.0,33620-8-Cherry Cola-XL,C16-101
840276082061.0,33620-8-Cherry Cola Stripe-XL,C16-102
840276082122.0,33620-8-Driftwood-XL,C16-103
840276082184.0,33620-8-Driftwood Stripe-XL,C16-104
840276082245.0,33620-8-Espresso-XL,C16-105
840276041211.0,33620-8-Black-L,C16-200
840276081996.0,33620-8-Cherry Cola-L,C16-201
840276082054.0,33620-8-Cherry Cola Stripe-L,C16-202
840276082115.0,33620-8-Driftwood-L,C16-203
840276082177.0,33620-8-Driftwood Stripe-L,C16-204
840276082238.0,33620-8-Espresso-L,C16-205
840276041204.0,33620-8-Black-M,C16-300
840276081989.0,33620-8-Cherry Cola-M,C16-301
840276082047.0,33620-8-Cherry Cola Stripe-M,C16-302
840276082108.0,33620-8-Driftwood-M,C16-303
840276082160.0,33620-8-Driftwood Stripe-M,C16-304
840276082221.0,33620-8-Espresso-M,C16-305
840276041198.0,33620-8-Black-S,C16-400
840276081972.0,33620-8-Cherry Cola-S,C16-401
840276082030.0,33620-8-Cherry Cola Stripe-S,C16-402
840276082092.0,33620-8-Driftwood-S,C16-403
840276082153.0,33620-8-Driftwood Stripe-S,C16-404
840276082214.0,33620-8-Espresso-S,C16-405
840276041235.0,33620-8-Black-2X-3X,C19-100
840276082016.0,33620-8-Cherry Cola-2X-3X,C19-101
840276082078.0,33620-8-Cherry Cola Stripe-2X-3X,C19-102
840276082139.0,33620-8-Driftwood-2X-3X,C19-103
840276082191.0,33620-8-Driftwood Stripe-2X-3X,C19-104
840276082252.0,33620-8-Espresso-2X-3X,C19-105
840276076312.0,4200-8-Black-2X-3X,C19-200
840276076374.0,4200-8-Cherry Cola-2X-3X,C19-201
840276076305.0,4200-8-Black-XL,C19-202
840276076367.0,4200-8-Cherry Cola-XL,C19-203
840276076299.0,4200-8-Black-L,C19-204
840276076350.0,4200-8-Cherry Cola-L,C19-205
840276076282.0,4200-8-Black-M,C19-300
840276076343.0,4200-8-Cherry Cola-M,C19-301
840276076275.0,4200-8-Black-S,C19-302
840276076336.0,4200-8-Cherry Cola-S,C19-303
840276076268.0,4200-8-Black-XS,C19-304
840276076329.0,4200-8-Cherry Cola-XS,C19-305
840276076398.0,4200-8-Coco-S,C19-400
840276076459.0,4200-8-Driftwood-S,C19-401
840276076510.0,4200-8-Espresso-S,C19-402
840276076381.0,4200-8-Coco-XS,C19-403
840276076442.0,4200-8-Driftwood-XS,C19-404
840276076503.0,4200-8-Espresso-XS,C19-405
840276082719.0,2914-40-Driftwood Stripe-2X-3X,C20-103
840276058844.0,2914-40-Dusty Green-2X-3X,C20-104
840276082757.0,2914-40-Espresso-2X-3X,C20-105
840276082702.0,2914-40-Driftwood Stripe-L-XL,C20-203
840276058837.0,2914-40-Dusty Green-L-XL,C20-204
840276082740.0,2914-40-Espresso-L-XL,C20-205
840276082696.0,2914-40-Driftwood Stripe-S-M,C20-303
840276058820.0,2914-40-Dusty Green-S-M,C20-304
840276082733.0,2914-40-Espresso-S-M,C20-305
840276082689.0,2914-40-Driftwood Stripe-XS,C20-403
840276058813.0,2914-40-Dusty Green-XS,C20-404
840276082726.0,2914-40-Espresso-XS,C20-405
840276076435.0,4200-8-Coco-2X-3X,C21-100
840276076497.0,4200-8-Driftwood-2X-3X,C21-101
840276076558.0,4200-8-Espresso-2X-3X,C21-102
840276076428.0,4200-8-Coco-XL,C21-103
840276076480.0,4200-8-Driftwood-XL,C21-104
840276076541.0,4200-8-Espresso-XL,C21-105
840276076411.0,4200-8-Coco-L,C21-200
840276076473.0,4200-8-Driftwood-L,C21-201
840276076534.0,4200-8-Espresso-L,C21-202
840276076404.0,4200-8-Coco-M,C21-203
840276076466.0,4200-8-Driftwood-M,C21-204
840276076527.0,4200-8-Espresso-M,C21-205
840276079023.0,5200-3-Black-L,C21-300
840276079146.0,5200-3-Coco-L,C21-301
840276079207.0,5200-3-Driftwood-L,C21-302
840276079016.0,5200-3-Black-M,C21-303
840276079139.0,5200-3-Coco-M,C21-304
840276079191.0,5200-3-Driftwood-M,C21-305
840276079009.0,5200-3-Black-S,C21-400
840276079122.0,5200-3-Coco-S,C21-401
840276079184.0,5200-3-Driftwood-S,C21-402
840276078996.0,5200-3-Black-XS,C21-403
840276079115.0,5200-3-Coco-XS,C21-404
840276079177.0,5200-3-Driftwood-XS,C21-405
840276079030.0,5200-3-Black-XL,C22-100
840276079153.0,5200-3-Coco-XL,C22-101
840276079214.0,5200-3-Driftwood-XL,C22-102
840276079047.0,5200-3-Black-2X-3X,C22-103
840276079160.0,5200-3-Coco-2X-3X,C22-104
840276079221.0,5200-3-Driftwood-2X-3X,C22-105
840276076015.0,4200-2-Black-2X-3X,C22-200
840276076077.0,4200-2-Cherry Cola-2X-3X,C22-201
840276076008.0,4200-2-Black-XL,C22-202
840276076060.0,4200-2-Cherry Cola-XL,C22-203
840276075995.0,4200-2-Black-L,C22-204
840276076053.0,4200-2-Cherry Cola-L,C22-205
840276075988.0,4200-2-Black-M,C22-300
840276076046.0,4200-2-Cherry Cola-M,C22-301
840276075971.0,4200-2-Black-S,C22-302
840276076039.0,4200-2-Cherry Cola-S,C22-303
840276075964.0,4200-2-Black-XS,C22-304
840276076022.0,4200-2-Cherry Cola-XS,C22-305
840276076091.0,4200-2-Coco-S,C22-400
840276076152.0,4200-2-Driftwood-S,C22-401
840276076213.0,4200-2-Espresso-S,C22-402
840276076084.0,4200-2-Coco-XS,C22-403
840276076145.0,4200-2-Driftwood-XS,C22-404
840276076206.0,4200-2-Espresso-XS,C22-405
840276076138.0,4200-2-Coco-2X-3X,C23-100
840276076190.0,4200-2-Driftwood-2X-3X,C23-101
840276076251.0,4200-2-Espresso-2X-3X,C23-102
840276076121.0,4200-2-Coco-XL,C23-103
840276076183.0,4200-2-Driftwood-XL,C23-104
840276076244.0,4200-2-Espresso-XL,C23-105
840276076114.0,4200-2-Coco-L,C23-200
840276076176.0,4200-2-Driftwood-L,C23-201
840276076237.0,4200-2-Espresso-L,C23-202
840276076107.0,4200-2-Coco-M,C23-203
840276076169.0,4200-2-Driftwood-M,C23-204
840276076220.0,4200-2-Espresso-M,C23-205
840276077944.0,5200-4-Almond-L,C23-300
840276078002.0,5200-4-Black-L,C23-301
840276078064.0,5200-4-Cherry Cola-L,C23-302
840276078125.0,5200-4-Coco-L,C23-303
840276078187.0,5200-4-Driftwood-L,C23-304
840276078248.0,5200-4-Espresso-L,C23-305
840276077913.0,5200-4-Almond-XS,C23-400
840276077975.0,5200-4-Black-XS,C23-401
840276078033.0,5200-4-Cherry Cola-XS,C23-402
840276078095.0,5200-4-Coco-XS,C23-403
840276078156.0,5200-4-Driftwood-XS,C23-404
840276078217.0,5200-4-Espresso-XS,C23-405
840276077968.0,5200-4-Almond-2X-3X,C24-100
840276078026.0,5200-4-Black-2X-3X,C24-101
840276078088.0,5200-4-Cherry Cola-2X-3X,C24-102
840276078149.0,5200-4-Coco-2X-3X,C24-103
840276078200.0,5200-4-Driftwood-2X-3X,C24-104
840276078262.0,5200-4-Espresso-2X-3X,C24-105
840276077951.0,5200-4-Almond-XL,C24-200
840276078019.0,5200-4-Black-XL,C24-201
840276078071.0,5200-4-Cherry Cola-XL,C24-202
840276078132.0,5200-4-Coco-XL,C24-203
840276078194.0,5200-4-Driftwood-XL,C24-204
840276078255.0,5200-4-Espresso-XL,C24-205
840276077937.0,5200-4-Almond-M,C24-300
840276077999.0,5200-4-Black-M,C24-301
840276078057.0,5200-4-Cherry Cola-M,C24-302
840276078118.0,5200-4-Coco-M,C24-303
840276078170.0,5200-4-Driftwood-M,C24-304
840276078231.0,5200-4-Espresso-M,C24-305
840276077920.0,5200-4-Almond-S,C24-400
840276077982.0,5200-4-Black-S,C24-401
840276078040.0,5200-4-Cherry Cola-S,C24-402
840276078101.0,5200-4-Coco-S,C24-403
840276078163.0,5200-4-Driftwood-S,C24-404
840276078224.0,5200-4-Espresso-S,C24-405
840276046483.0,2300-2-Black-L,C25-100
840276082290.0,2300-2-Cherry Cola-L,C25-101
840276082351.0,2300-2-Cherry Cola Stripe-L,C25-102
840276082412.0,2300-2-Driftwood-L,C25-103
840276082474.0,2300-2-Driftwood Stripe-L,C25-104
840276082535.0,2300-2-Espresso-L,C25-105
840276046476.0,2300-2-Black-M,C25-200
840276082283.0,2300-2-Cherry Cola-M,C25-201
840276082344.0,2300-2-Cherry Cola Stripe-M,C25-202
840276082405.0,2300-2-Driftwood-M,C25-203
840276082467.0,2300-2-Driftwood Stripe-M,C25-204
840276082528.0,2300-2-Espresso-M,C25-205
840276046469.0,2300-2-Black-S,C25-300
840276082276.0,2300-2-Cherry Cola-S,C25-301
840276082337.0,2300-2-Cherry Cola Stripe-S,C25-302
840276082399.0,2300-2-Driftwood-S,C25-303
840276082450.0,2300-2-Driftwood Stripe-S,C25-304
840276082511.0,2300-2-Espresso-S,C25-305
840276070303.0,2300-2-Black-XS,C25-400
840276082269.0,2300-2-Cherry Cola-XS,C25-401
840276082320.0,2300-2-Cherry Cola Stripe-XS,C25-402
840276082382.0,2300-2-Driftwood-XS,C25-403
840276082443.0,2300-2-Driftwood Stripe-XS,C25-404
840276082504.0,2300-2-Espresso-XS,C25-405
840276047275.0,2300-2-Black-2X-3X,C26-100
840276082313.0,2300-2-Cherry Cola-2X-3X,C26-101
840276082375.0,2300-2-Cherry Cola Stripe-2X-3X,C26-102
840276082436.0,2300-2-Driftwood-2X-3X,C26-103
840276082498.0,2300-2-Driftwood Stripe-2X-3X,C26-104
840276082559.0,2300-2-Espresso-2X-3X,C26-105
840276046490.0,2300-2-Black-XL,C26-200
840276082306.0,2300-2-Cherry Cola-XL,C26-201
840276082368.0,2300-2-Cherry Cola Stripe-XL,C26-202
840276082429.0,2300-2-Driftwood-XL,C26-203
840276082481.0,2300-2-Driftwood Stripe-XL,C26-204
840276082542.0,2300-2-Espresso-XL,C26-205
840276077579.0,5200-8-Almond-M,C26-300
840276077630.0,5200-8-Black-M,C26-301
840276077692.0,5200-8-Cherry Cola-M,C26-302
840276077753.0,5200-8-Coco-M,C26-303
840276077814.0,5200-8-Driftwood-M,C26-304
840276077876.0,5200-8-Espresso-M,C26-305
840276077562.0,5200-8-Almond-S,C26-400
840276077623.0,5200-8-Black-S,C26-401
840276077685.0,5200-8-Cherry Cola-S,C26-402
840276077746.0,5200-8-Coco-S,C26-403
840276077807.0,5200-8-Driftwood-S,C26-404
840276077869.0,5200-8-Espresso-S,C26-405
840276077609.0,5200-8-Almond-2X-3X,C27-100
840276077661.0,5200-8-Black-2X-3X,C27-101
840276077722.0,5200-8-Cherry Cola-2X-3X,C27-102
840276077784.0,5200-8-Coco-2X-3X,C27-103
840276077845.0,5200-8-Driftwood-2X-3X,C27-104
840276077906.0,5200-8-Espresso-2X-3X,C27-105
840276077593.0,5200-8-Almond-XL,C27-200
840276077654.0,5200-8-Black-XL,C27-201
840276077715.0,5200-8-Cherry Cola-XL,C27-202
840276077777.0,5200-8-Coco-XL,C27-203
840276077838.0,5200-8-Driftwood-XL,C27-204
840276077890.0,5200-8-Espresso-XL,C27-205
840276077586.0,5200-8-Almond-L,C27-300
840276077647.0,5200-8-Black-L,C27-301
840276077708.0,5200-8-Cherry Cola-L,C27-302
840276077760.0,5200-8-Coco-L,C27-303
840276077821.0,5200-8-Driftwood-L,C27-304
840276077883.0,5200-8-Espresso-L,C27-305
840276077555.0,5200-8-Almond-XS,C27-400
840276077616.0,5200-8-Black-XS,C27-401
840276077678.0,5200-8-Cherry Cola-XS,C27-402
840276077739.0,5200-8-Coco-XS,C27-403
840276077791.0,5200-8-Driftwood-XS,C27-404
840276077852.0,5200-8-Espresso-XS,C27-405
840276047268.0,2914-40-Heather Grey-2X-3X,C28-100
840276073410.0,2914-40-Indigo-2X-3X,C28-101
840276073458.0,2914-40-Indigo White-2X-3X,C28-102
840276047251.0,2914-40-Heather Grey-L-XL,C28-200
840276073403.0,2914-40-Indigo-L-XL,C28-201
840276073441.0,2914-40-Indigo White-L-XL,C28-202
840276047244.0,2914-40-Heather Grey-S-M,C28-300
840276073397.0,2914-40-Indigo-S-M,C28-301
840276073434.0,2914-40-Indigo White-S-M,C28-302
840276047237.0,2914-40-Heather Grey-XS,C28-400
840276073380.0,2914-40-Indigo-XS,C28-401
840276073427.0,2914-40-Indigo White-XS,C28-402
840276065750.0,5200-2-Almond-L,C29-100
840276065811.0,5200-2-Black-L,C29-101
840276065767.0,5200-2-Almond-XL,C29-102
840276065828.0,5200-2-Black-XL,C29-103
840276065774.0,5200-2-Almond-2X-3X,C29-104
840276065835.0,5200-2-Black-2X-3X,C29-105
840276065729.0,5200-2-Almond-XS,C29-200
840276065781.0,5200-2-Black-XS,C29-201
840276065736.0,5200-2-Almond-S,C29-202
840276065798.0,5200-2-Black-S,C29-203
840276065743.0,5200-2-Almond-M,C29-204
840276065804.0,5200-2-Black-M,C29-205
840276078651.0,5200-2-Cherry Cola-M,C29-300
840276065866.0,5200-2-Coco-M,C29-301
840276074301.0,5200-2-Copper Rose-M,C29-302
840276078712.0,5200-2-Driftwood-M,C29-303
840276078774.0,5200-2-Espresso-M,C29-304
840276074240.0,5200-2-Indigo-M,C29-305
840276078644.0,5200-2-Cherry Cola-S,C29-400
840276065859.0,5200-2-Coco-S,C29-401
840276074295.0,5200-2-Copper Rose-S,C29-402
840276078705.0,5200-2-Driftwood-S,C29-403
840276078767.0,5200-2-Espresso-S,C29-404
840276074233.0,5200-2-Indigo-S,C29-405
840276078682.0,5200-2-Cherry Cola-2X-3X,C30-100
840276065897.0,5200-2-Coco-2X-3X,C30-101
840276074332.0,5200-2-Copper Rose-2X-3X,C30-102
840276078743.0,5200-2-Driftwood-2X-3X,C30-103
840276078804.0,5200-2-Espresso-2X-3X,C30-104
840276074271.0,5200-2-Indigo-2X-3X,C30-105
840276078675.0,5200-2-Cherry Cola-XL,C30-200
840276065880.0,5200-2-Coco-XL,C30-201
840276074325.0,5200-2-Copper Rose-XL,C30-202
840276078736.0,5200-2-Driftwood-XL,C30-203
840276078798.0,5200-2-Espresso-XL,C30-204
840276074264.0,5200-2-Indigo-XL,C30-205
840276078668.0,5200-2-Cherry Cola-L,C30-300
840276065873.0,5200-2-Coco-L,C30-301
840276074318.0,5200-2-Copper Rose-L,C30-302
840276078729.0,5200-2-Driftwood-L,C30-303
840276078781.0,5200-2-Espresso-L,C30-304
840276074257.0,5200-2-Indigo-L,C30-305
840276078637.0,5200-2-Cherry Cola-XS,C30-400
840276065842.0,5200-2-Coco-XS,C30-401
840276074288.0,5200-2-Copper Rose-XS,C30-402
840276078699.0,5200-2-Driftwood-XS,C30-403
840276078750.0,5200-2-Espresso-XS,C30-404
840276074226.0,5200-2-Indigo-XS,C30-405
840276046353.0,1100-Heather Black-OSFM,C31-100
840276052019.0,1100-Heather Blush Pink-OSFM,C31-101
,1100-Dark Heather Cherry Cola-OSFM,C31-102
840276054877.0,1100-Heather Coco-OSFM,C31-103
840276081521.0,1100-Heather Driftwood-OSFM,C31-104
840276054921.0,1100-Heather Dusty Green-OSFM,C31-105
,1100-Dark Heather Espresso-OSFM,C31-200
840276043789.0,1100-Heather Grey-OSFM,C31-201
840276069550.0,1100-Light Heather Cherry Cola-OSFM,C31-202
840276069567.0,1100-Light Heather Espresso-OSFM,C31-203
840276068683.0,1300-Heather Black-OSFM,C31-300
840276068690.0,1300-Heather Blush Pink-OSFM,C31-301
,1300-Dark Heather Cherry Cola-OSFM,C31-302
840276068706.0,1300-Heather Coco-OSFM,C31-303
840276081538.0,1300-Heather Driftwood-OSFM,C31-304
,1300-Dark Heather Espresso-OSFM,C31-305
840276068737.0,1300-Heather Grey-OSFM,C31-400
840276068744.0,1300-Heather Midnight-OSFM,C31-401
840276069574.0,1300-Light Heather Cherry Cola-OSFM,C31-402
840276069581.0,1300-Light Heather Espresso-OSFM,C31-403
840276077401.0,1700-Almond-S,C31-404
840276077418.0,1700-Almond-M,C31-405
840276077425.0,1700-Almond-L,C32-100
840276077432.0,1700-Coco-S,C32-101
840276077449.0,1700-Coco-M,C32-102
840276077456.0,1700-Coco-L,C32-103
840276077463.0,1700-Espresso-S,C32-104
840276077470.0,1700-Espresso-M,C32-105
840276077487.0,1700-Espresso-L,C32-200
840276077494.0,1800-Wild Espresso-S,C32-201
840276077500.0,1800-Wild Espresso-M,C32-202
840276077517.0,1800-Wild Espresso-L,C32-203
840276077524.0,1800-Wild Grey-S,C32-204
840276077531.0,1800-Wild Grey-M,C32-205
840276077548.0,1800-Wild Grey-L,C32-300
840276062223.0,4900-Heather Blush Pink-OSFM,C32-301
840276062230.0,4900-Heather Coco-OSFM,C32-302
840276062247.0,4900-Heather Dusty Green-OSFM,C32-303
840276042225.0,4900-Heather Grey-OSFM,C32-304
840276061134.0,4900-Heather Spring Lake-OSFM,C32-305
